Description,UnitsSold,Revenue,Orders,Customers,UnitsPerOrder
 4 PURPLE FLOCK DINNER CANDLES,144,290.8,38,31,3.789473684210526
 50'S CHRISTMAS GIFT BAG LARGE,1915,2343.63,129,106,14.844961240310077
 DOLLY GIRL BEAKER,2455,2891.25,174,100,14.10919540229885
 I LOVE LONDON MINI BACKPACK,389,1628.17,86,58,4.523255813953488
 I LOVE LONDON MINI RUCKSACK,1,4.15,1,1,1.0
 NINE DRAWER OFFICE TIDY,59,909.37,33,29,1.7878787878787878
 OVAL WALL MIRROR DIAMANTE ,237,2401.0699999999997,156,41,1.5192307692307692
 RED SPOT GIFT BAG LARGE,1727,2107.42,103,82,16.766990291262136
 SET 2 TEA TOWELS I LOVE LONDON ,2789,8100.05,269,131,10.368029739776953
 SPACEBOY BABY GIFT SET,499,7758.699999999999,184,110,2.7119565217391304
 TOADSTOOL BEDSIDE LIGHT ,2,17.9,1,1,2.0
 TRELLIS COAT RACK,227,1118.6100000000001,56,42,4.053571428571429
*Boombox Ipod Classic,1,16.98,1,0,1.0
*USB Office Mirror Ball,2,16.94,2,0,1.0
10 COLOUR SPACEBOY PEN,6564,5585.45,318,179,20.641509433962263
12 COLOURED PARTY BALLOONS,2155,1412.16,163,105,13.220858895705522
12 DAISY PEGS IN WOOD BOX,349,600.8699999999999,77,46,4.532467532467533
12 EGG HOUSE PAINTED WOOD,149,2378.52,99,39,1.505050505050505
12 HANGING EGGS HAND PAINTED,42,87.36,7,7,6.0
12 IVORY ROSE PEG PLACE SETTINGS,969,1478.1,148,56,6.547297297297297
12 MESSAGE CARDS WITH ENVELOPES,1740,2959.4199999999996,251,150,6.932270916334661
12 PENCIL SMALL TUBE WOODLAND,4506,3216.1200000000003,355,191,12.692957746478873
12 PENCILS SMALL TUBE RED RETROSPOT,6640,4387.820000000001,362,231,18.34254143646409
12 PENCILS SMALL TUBE SKULL,6983,4531.9800000000005,355,195,19.67042253521127
12 PENCILS TALL TUBE POSY,3812,1173.8999999999999,170,135,22.423529411764704
12 PENCILS TALL TUBE RED RETROSPOT,2746,2382.46,268,185,10.246268656716419
12 PENCILS TALL TUBE SKULLS,2156,1884.9199999999998,256,158,8.421875
12 PENCILS TALL TUBE WOODLAND,1976,1742.27,249,157,7.93574297188755
12 PINK HEN+CHICKS IN BASKET,41,104.55,14,13,2.9285714285714284
12 PINK ROSE PEG PLACE SETTINGS,214,267.5,21,17,10.19047619047619
12 RED ROSE PEG PLACE SETTINGS,457,640.92,105,47,4.352380952380952
15 PINK FLUFFY CHICKS IN BOX,10,29.5,7,7,1.4285714285714286
15CM CHRISTMAS GLASS BALL 20 LIGHTS,1359,10910.61,261,170,5.206896551724138
16 PC CUTLERY SET PANTRY DESIGN,4,63.8,1,1,4.0
16 PIECE CUTLERY SET PANTRY DESIGN,254,3785.06,69,43,3.681159420289855
18PC WOODEN CUTLERY SET DISPOSABLE,567,751.38,43,23,13.186046511627907
2 DAISIES HAIR COMB,18,52.56,12,1,1.5
2 PICTURE BOOK EGGS EASTER BUNNY,182,256.54,36,18,5.055555555555555
2 PICTURE BOOK EGGS EASTER CHICKS,171,222.22,25,17,6.84
2 PICTURE BOOK EGGS EASTER DUCKS,124,165.89,25,15,4.96
20 DOLLY PEGS RETROSPOT,2470,3282.3,222,135,11.126126126126126
200 BENDY SKULL STRAWS,661,743.62,55,28,12.018181818181818
200 RED + WHITE BENDY STRAWS,918,1221.43,172,90,5.337209302325581
3 BIRDS CANVAS SCREEN,2,2.04,2,2,1.0
3 BLACK CATS W HEARTS BLANK CARD,24,4.5600000000000005,3,3,8.0
3 DRAWER ANTIQUE WHITE WOOD CABINET,742,6529.54,202,129,3.6732673267326734
3 GARDENIA MORRIS BOXED CANDLES,504,940.02,77,58,6.545454545454546
3 HEARTS HANGING DECORATION RUSTIC,3463,11944.880000000001,303,196,11.429042904290428
3 HOOK HANGER MAGIC GARDEN,1705,3280.1099999999997,159,66,10.723270440251572
3 HOOK PHOTO SHELF ANTIQUE WHITE,1811,13746.11,382,172,4.7408376963350785
3 PIECE SPACEBOY COOKIE CUTTER SET,2628,5481.09,378,216,6.9523809523809526
3 PINK HEN+CHICKS IN BASKET,12,15.0,6,6,2.0
3 RAFFIA RIBBONS 50'S CHRISTMAS ,2105,1892.07,199,129,10.577889447236181
3 RAFFIA RIBBONS VINTAGE CHRISTMAS,827,734.7900000000001,99,40,8.353535353535353
3 ROSE MORRIS BOXED CANDLES,1133,1805.0,158,109,7.170886075949367
3 STRIPEY MICE FELTCRAFT,3030,5925.389999999999,468,288,6.4743589743589745
3 TIER CAKE TIN GREEN AND CREAM,447,7011.57,201,107,2.2238805970149254
3 TIER CAKE TIN RED AND CREAM,689,9765.11,168,115,4.101190476190476
3 TIER SWEETHEART GARDEN SHELF,55,1938.2500000000002,43,42,1.2790697674418605
3 TRADITIONAL COOKIE CUTTERS  SET,162,304.20000000000005,4,4,40.5
3 TRADITIONAl BISCUIT CUTTERS  SET,1211,2610.61,232,168,5.219827586206897
3 WHITE CHOC MORRIS BOXED CANDLES,950,1642.07,121,80,7.851239669421488
3 WICK CHRISTMAS BRIAR CANDLE ,3,15.97,2,1,1.5
36 DOILIES DOLLY GIRL,923,1365.29,90,71,10.255555555555556
36 DOILIES VINTAGE CHRISTMAS,5172,7061.73,177,151,29.220338983050848
36 FOIL HEART CAKE CASES,2055,3992.5800000000004,198,144,10.378787878787879
36 FOIL STAR CAKE CASES ,1048,2070.15,134,91,7.82089552238806
36 PENCILS TUBE POSY,79,76.91,20,10,3.95
36 PENCILS TUBE RED RETROSPOT,3739,4729.9800000000005,325,164,11.504615384615384
36 PENCILS TUBE SKULLS,1799,2400.05,263,133,6.840304182509506
36 PENCILS TUBE WOODLAND,1741,2331.14,185,111,9.41081081081081
3D CHRISTMAS STAMPS STICKERS ,1172,1536.24,143,85,8.195804195804195
3D DOG PICTURE PLAYING CARDS,341,1025.5700000000002,86,49,3.9651162790697674
3D HEARTS  HONEYCOMB PAPER GARLAND,326,1021.9000000000001,50,27,6.52
3D SHEET OF CAT STICKERS,260,255.61999999999998,75,36,3.466666666666667
3D SHEET OF DOG STICKERS,426,423.99,116,34,3.6724137931034484
3D TRADITIONAL CHRISTMAS STICKERS,1583,2095.08,197,119,8.035532994923859
3D VINTAGE CHRISTMAS STICKERS ,1645,2162.75,188,102,8.75
4 BLUE DINNER CANDLES SILVER FLOCK,88,229.22,31,20,2.838709677419355
4 BURGUNDY WINE DINNER CANDLES,57,72.46,13,9,4.384615384615385
4 GOLD FLOCK CHRISTMAS BALLS,2,6.72,1,0,2.0
4 IVORY DINNER CANDLES SILVER FLOCK,541,1213.29,136,62,3.9779411764705883
4 LAVENDER BOTANICAL DINNER CANDLES,892,1349.17,135,86,6.607407407407408
4 LILY  BOTANICAL DINNER CANDLES,528,1013.01,102,62,5.176470588235294
4 PEAR BOTANICAL DINNER CANDLES,822,1288.34,138,84,5.956521739130435
4 PINK DINNER CANDLE SILVER FLOCK,132,264.82,35,26,3.7714285714285714
4 PINK FLOCK CHRISTMAS BALLS,50,89.72,22,8,2.272727272727273
4 ROSE PINK DINNER CANDLES,184,276.59,44,13,4.181818181818182
4 SKY BLUE DINNER CANDLES,150,297.91,62,10,2.4193548387096775
4 TRADITIONAL SPINNING TOPS,4894,6789.46,483,260,10.132505175983438
4 VANILLA BOTANICAL CANDLES,978,1481.4,164,99,5.963414634146342
4 WILDFLOWER BOTANICAL CANDLES,406,770.87,91,48,4.461538461538462
5 HOOK HANGER MAGIC TOADSTOOL,640,994.3799999999999,34,23,18.823529411764707
5 HOOK HANGER RED MAGIC TOADSTOOL,3099,4753.29,131,71,23.65648854961832
5 STRAND GLASS NECKLACE AMBER,6,37.620000000000005,6,2,1.0
5 STRAND GLASS NECKLACE AMETHYST,9,56.59,8,1,1.125
5 STRAND GLASS NECKLACE BLACK,11,69.63,6,3,1.8333333333333333
5 STRAND GLASS NECKLACE CRYSTAL,20,126.63999999999999,10,7,2.0
50'S CHRISTMAS PAPER GIFT BAG,1352,1108.8899999999999,103,85,13.12621359223301
50CM METAL STRING WITH  7 CLIPS,226,172.64,23,15,9.826086956521738
6 CHOCOLATE LOVE HEART T-LIGHTS,1065,2179.6600000000003,142,70,7.5
6 EGG HOUSE PAINTED WOOD,301,2742.33,155,82,1.9419354838709677
6 GIFT TAGS 50'S CHRISTMAS ,3743,3431.89,322,235,11.624223602484472
6 GIFT TAGS VINTAGE CHRISTMAS ,4016,3517.5199999999995,327,227,12.281345565749236
6 RIBBONS ELEGANT CHRISTMAS ,1800,2503.3399999999997,200,96,9.0
6 RIBBONS EMPIRE  ,1260,1669.5299999999997,225,96,5.6
6 RIBBONS RUSTIC CHARM,9183,17205.37,955,413,9.615706806282722
6 RIBBONS SHIMMERING PINKS ,1403,1241.32,199,61,7.050251256281407
6 ROCKET BALLOONS ,1904,1297.1200000000001,197,116,9.66497461928934
60 CAKE CASES DOLLY GIRL DESIGN,7518,4010.55,437,237,17.20366132723112
60 CAKE CASES VINTAGE CHRISTMAS,16055,9511.52,618,342,25.978964401294498
60 GOLD AND SILVER FAIRY CAKE CASES,2,1.1,2,2,1.0
60 TEATIME FAIRY CAKE CASES,18214,9183.720000000001,828,414,21.997584541062803
6PC WOOD PLATE SET DISPOSABLE,459,574.88,38,15,12.078947368421053
70'S ALPHABET WALL ART,150,1043.1,15,14,10.0
72 CAKE CASES VINTAGE CHRISTMAS,24,13.200000000000001,1,1,24.0
72 SWEETHEART FAIRY CAKE CASES,13360,6555.33,615,325,21.723577235772357
75 BLACK PETIT FOUR CASES,58,24.36,18,16,3.2222222222222223
75 GREEN FAIRY CAKE CASES,70,102.91000000000001,42,16,1.6666666666666667
75 GREEN PETIT FOUR CASES,375,186.25,74,30,5.0675675675675675
A PRETTY THANK YOU CARD,456,194.58,35,26,13.028571428571428
A4 WALL TIDY BLUE OFFICE,127,80.96000000000001,12,5,10.583333333333334
A4 WALL TIDY RED FLOWERS,13,7.37,4,4,3.25
ABC TREASURE BOOK BOX ,2167,4697.58,226,159,9.58849557522124
ABSTRACT CIRCLE JOURNAL ,185,449.8,72,24,2.5694444444444446
ABSTRACT CIRCLES POCKET BOOK,162,137.7,42,35,3.857142857142857
ABSTRACT CIRCLES SKETCHBOOK ,144,610.8100000000001,76,45,1.894736842105263
ACRYLIC GEOMETRIC LAMP,35,568.65,20,8,1.75
"ACRYLIC HANGING JEWEL,BLUE",270,106.81,24,19,11.25
"ACRYLIC HANGING JEWEL,PINK",95,66.55,7,7,13.571428571428571
"ACRYLIC JEWEL ANGEL,PINK",78,29.64,2,2,39.0
"ACRYLIC JEWEL ICICLE, BLUE",31,11.780000000000001,3,3,10.333333333333334
"ACRYLIC JEWEL ICICLE, PINK",266,106.97,19,15,14.0
"ACRYLIC JEWEL SNOWFLAKE, PINK",162,63.28000000000001,5,5,32.4
"ACRYLIC JEWEL SNOWFLAKE,PINK",6,15.299999999999999,1,1,6.0
ADULT APRON APPLE DELIGHT,185,950.83,45,32,4.111111111111111
ADVENT CALENDAR GINGHAM SACK,1313,6860.09,246,126,5.337398373983739
AFGHAN SLIPPER SOCK PAIR,519,1690.5500000000002,22,16,23.59090909090909
AGED GLASS SILVER T-LIGHT HOLDER,10583,6890.47,340,168,31.126470588235293
AIRLINE BAG VINTAGE JET SET BROWN,349,1639.29,167,67,2.089820359281437
AIRLINE BAG VINTAGE JET SET RED,549,2440.27,223,108,2.4618834080717487
AIRLINE BAG VINTAGE JET SET WHITE,254,1141.7,122,66,2.081967213114754
AIRLINE BAG VINTAGE TOKYO 78,1091,5093.57,392,144,2.7831632653061225
AIRLINE BAG VINTAGE WORLD CHAMPION ,279,1289.49,147,81,1.8979591836734695
"AIRLINE LOUNGE,METAL SIGN",713,1412.27,291,86,2.450171821305842
ALARM CLOCK BAKELIKE CHOCOLATE,1984,8168.6,428,171,4.635514018691588
ALARM CLOCK BAKELIKE GREEN,6430,27196.53,980,322,6.561224489795919
ALARM CLOCK BAKELIKE IVORY,2892,11479.65,570,241,5.073684210526316
ALARM CLOCK BAKELIKE ORANGE,2326,9080.2,445,179,5.226966292134832
ALARM CLOCK BAKELIKE PINK,5364,20702.15,783,291,6.850574712643678
ALARM CLOCK BAKELIKE RED ,7815,30701.12,1051,388,7.435775451950524
ALPHABET HEARTS STICKER SHEET,401,353.47999999999996,59,29,6.796610169491525
ALPHABET STENCIL CRAFT,2702,3063.52,186,120,14.526881720430108
ALUMINIUM HEART,30,74.7,6,6,5.0
ALUMINIUM STAMPED HEART,783,1902.19,130,100,6.023076923076923
AMBER 3 BEAD DROP EARRINGS,8,23.2,8,0,1.0
AMBER BERTIE GLASS BEAD BAG CHARM,11,21.05,10,1,1.1
AMBER BERTIE MOBILE PHONE CHARM,2,6.58,1,0,2.0
AMBER CHUNKY BEAD BRACELET W STRAP,13,117.73,9,4,1.4444444444444444
AMBER CHUNKY GLASS+BEAD NECKLACE,8,95.25,8,6,1.0
AMBER CRYSTAL DROP EARRINGS,3,8.76,3,0,1.0
AMBER DIAMANTE EXPANDABLE RING,31,131.03,13,5,2.3846153846153846
AMBER DROP EARRINGS W LONG BEADS,40,117.24000000000001,23,5,1.7391304347826086
AMBER FINE BEAD NECKLACE W TASSEL,6,35.31,5,2,1.2
AMBER GLASS TASSLE BAG CHARM,14,33.440000000000005,7,2,2.0
AMBER GLASS/SHELL/PEARL NECKLACE,7,64.04,7,1,1.0
AMBER GLASS/SILVER BRACELET,25,227.89,16,7,1.5625
AMETHYST 3 BEAD DROP EARRINGS,5,14.5,5,0,1.0
AMETHYST CHUNKY BEAD BRACELET W STR,33,297.94,21,11,1.5714285714285714
AMETHYST DIAMANTE EXPANDABLE RING,23,97.02,12,3,1.9166666666666667
AMETHYST DROP EARRINGS W LONG BEADS,21,61.08,17,0,1.2352941176470589
AMETHYST GLASS/SHELL/PEARL NECKLACE,15,137.63,14,0,1.0714285714285714
AMETHYST HOOP EARRING FLORAL LEAF,12,35.11,9,3,1.3333333333333333
ANGEL DECORATION 3 BUTTONS ,3749,1638.35,162,87,23.141975308641975
ANGEL DECORATION PAINTED ZINC ,912,574.5400000000001,77,24,11.844155844155845
ANGEL DECORATION STARS ON DRESS,2653,1134.25,131,61,20.251908396946565
ANGEL DECORATION WITH LACE PADDED,212,180.2,11,11,19.272727272727273
ANIMAL STICKERS,1773,372.33,46,38,38.54347826086956
ANIMALS AND NATURE WALL ART,267,923.97,17,16,15.705882352941176
ANT COPPER LIME BOUDICCA BRACELET,83,412.74,50,13,1.66
ANT COPPER PINK BOUDICCA BRACELET,64,318.89000000000004,34,6,1.8823529411764706
ANT COPPER RED BOUDICCA BRACELET,24,119.91000000000001,21,6,1.1428571428571428
ANT COPPER TURQ BOUDICCA BRACELET,76,377.88,37,10,2.054054054054054
ANT SILVER FUSCHIA BOUDICCA RING,14,41.300000000000004,7,3,2.0
ANT SILVER LIME GREEN BOUDICCA RING,27,79.65,10,7,2.7
ANT SILVER PURPLE BOUDICCA RING,10,29.500000000000004,5,3,2.0
ANT SILVER TURQUOISE BOUDICCA RING,6,17.700000000000003,1,1,6.0
ANT WHITE WIRE HEART SPIRAL,339,1519.63,104,52,3.2596153846153846
ANTIQUE ALL GLASS CANDLESTICK,1171,2618.25,199,66,5.884422110552764
ANTIQUE CREAM CUTLERY CUPBOARD,50,530.19,36,12,1.3888888888888888
ANTIQUE CREAM CUTLERY SHELF ,29,254.98000000000002,19,17,1.5263157894736843
ANTIQUE GLASS DRESSING TABLE POT,1799,5564.25,267,126,6.737827715355805
ANTIQUE GLASS HEART DECORATION ,328,709.18,36,26,9.11111111111111
ANTIQUE GLASS PEDESTAL BOWL,1030,4215.14,220,123,4.681818181818182
ANTIQUE GLASS PLACE SETTING,122,152.5,8,8,15.25
ANTIQUE HEART SHELF UNIT,275,4145.47,74,64,3.7162162162162162
ANTIQUE IVORY WIRE BOWL SMALL,99,251.45000000000002,21,17,4.714285714285714
ANTIQUE MID BLUE FLOWER EARRINGS,5,21.15,3,2,1.6666666666666667
ANTIQUE OLIVE GREEN FLOWER EARRINGS,7,29.73,5,3,1.4
ANTIQUE OPAL WHITE FLOWER EARRINGS,5,21.130000000000003,5,2,1.0
ANTIQUE RASPBERRY FLOWER EARRINGS,5,20.950000000000003,4,1,1.25
ANTIQUE SILVER BAUBLE LAMP  ,381,3635.23,78,64,4.884615384615385
ANTIQUE SILVER BOOK MARK WITH BEADS,17,14.11,3,0,5.666666666666667
ANTIQUE SILVER T-LIGHT GLASS,14688,19411.62,689,348,21.317851959361395
ANTIQUE SILVER TEA GLASS ENGRAVED,8706,10297.27,347,177,25.089337175792508
ANTIQUE SILVER TEA GLASS ETCHED,4558,6478.01,216,117,21.10185185185185
ANTIQUE TALL SWIRLGLASS TRINKET POT,871,3564.49,203,109,4.29064039408867
APOTHECARY MEASURING JAR,67,826.28,22,20,3.0454545454545454
APPLE BATH SPONGE,1338,1913.67,229,83,5.842794759825328
APRON APPLE DELIGHT,287,1456.69,80,52,3.5875
APRON MODERN VINTAGE COTTON,494,1143.76,90,52,5.488888888888889
AQUA BERTIE GLASS BEAD BAG CHARM,30,48.06,12,3,2.5
AREA PATROLLED METAL SIGN,4367,8862.990000000002,437,176,9.993135011441648
ARMY CAMO BOOKCOVER TAPE,17,7.14,4,4,4.25
"ART LIGHTS,FUNK MONKEY",370,1037.54,62,26,5.967741935483871
ASS COL CIRCLE MOBILE ,474,173.15999999999997,6,6,79.0
ASS COL LARGE SAND FROG P'WEIGHT,27,28.35,7,6,3.857142857142857
ASS COL SMALL SAND GECKO P'WEIGHT,29,12.18,9,9,3.2222222222222223
ASS COLOUR GLOWING TIARAS,282,216.06,25,24,11.28
ASS DES PHONE SPONGE CRAFT STICKER,511,154.39,14,12,36.5
ASS FLORAL PRINT MULTI SCREWDRIVER,2758,1264.2,163,123,16.920245398773005
ASS FLORAL PRINT SPIRIT LEVEL ,101,112.81,37,30,2.72972972972973
ASSORTED BOTTLE TOP  MAGNETS ,3152,1406.42,184,110,17.130434782608695
ASSORTED CAKES FRIDGE MAGNETS,55,35.75,8,6,6.875
ASSORTED CHEESE FRIDGE MAGNETS,223,180.71,18,8,12.38888888888889
ASSORTED CIRCULAR MOBILE,698,155.82,33,17,21.151515151515152
ASSORTED COLOUR BIRD ORNAMENT,36461,59094.93,1455,678,25.059106529209622
ASSORTED COLOUR LIZARD SUCTION HOOK,999,395.09999999999997,55,16,18.163636363636364
ASSORTED COLOUR METAL CAT ,115,143.75,25,19,4.6
ASSORTED COLOUR MINI CASES,1770,12614.17,383,239,4.6214099216710185
ASSORTED COLOUR SILK GLASSES CASE,3,6.300000000000001,1,1,3.0
ASSORTED COLOUR SUCTION CUP HOOK,202,38.38,13,11,15.538461538461538
ASSORTED COLOUR T-LIGHT HOLDER,3631,2304.8300000000004,120,66,30.258333333333333
ASSORTED COLOURED CIRCLE MOBILE ,65,27.3,7,6,9.285714285714286
ASSORTED COLOURS SILK FAN,23826,18569.84,518,194,45.996138996138995
ASSORTED CREEPY CRAWLIES,2669,1127.23,99,63,26.95959595959596
ASSORTED EASTER DECORATIONS  BELLS,569,729.57,27,21,21.074074074074073
ASSORTED EASTER GIFT TAGS,1159,977.7599999999999,61,56,19.0
ASSORTED FARMYARD ANIMALS IN BUCKET,90,74.58,9,6,10.0
"ASSORTED FLOWER COLOUR ""LEIS""",10315,4934.87,111,72,92.92792792792793
ASSORTED INCENSE PACK,4032,760.3199999999999,27,16,149.33333333333334
ASSORTED LAQUERED INCENSE HOLDERS,2545,455.9800000000001,24,12,106.04166666666667
ASSORTED MINI MADRAS NOTEBOOK,976,481.95,28,22,34.857142857142854
ASSORTED MONKEY SUCTION CUP HOOK,653,261.3,45,16,14.511111111111111
ASSORTED SANSKRIT MINI NOTEBOOK,109,136.25,6,6,18.166666666666668
ASSORTED SHAPES PHOTO CLIP SILVER ,473,241.20999999999998,12,10,39.416666666666664
ASSORTED TUTTI FRUTTI  FOB NOTEBOOK,662,644.03,78,38,8.487179487179487
ASSORTED TUTTI FRUTTI BRACELET,2550,692.85,132,48,19.318181818181817
ASSORTED TUTTI FRUTTI HEART BOX,215,268.75,32,29,6.71875
ASSORTED TUTTI FRUTTI KEYRING BALL,1153,451.59,49,19,23.53061224489796
ASSORTED TUTTI FRUTTI LARGE PURSE,118,247.8,25,21,4.72
ASSORTED TUTTI FRUTTI MIRROR,550,743.31,60,27,9.166666666666666
ASSORTED TUTTI FRUTTI NOTEBOOK,249,551.96,40,25,6.225
ASSORTED TUTTI FRUTTI PEN,2472,831.0199999999999,101,79,24.475247524752476
ASSORTED TUTTI FRUTTI SMALL PURSE,737,992.79,66,26,11.166666666666666
ASSTD COL BUTTERFLY/CRYSTAL W/CHIME,459,218.87,13,6,35.30769230769231
ASSTD DESIGN 3D PAPER STICKERS,1165,391.93,31,28,37.58064516129032
ASSTD DESIGN BUBBLE GUM RING,17,3.5700000000000003,4,0,4.25
ASSTD DESIGN RACING CAR PEN,1615,2389.44,113,44,14.29203539823009
ASSTD FRUIT+FLOWERS FRIDGE MAGNETS,2412,637.5600000000001,65,57,37.10769230769231
ASSTD MULTICOLOUR CIRCLES MUG,1579,840.47,81,36,19.493827160493826
ASSTD RASTA KEY-CHAINS,9,3.7800000000000002,3,3,3.0
Adjust bad debt,1,11062.06,1,0,1.0
BABUSHKA LIGHTS STRING OF 10,517,3633.17,153,82,3.3790849673202614
BABY BOOM RIBBONS ,378,477.34,88,70,4.295454545454546
BABY MOUSE RED GINGHAM DRESS,74,314.5,21,19,3.5238095238095237
BAG 125g SWIRLY MARBLES,9390,3528.89,294,175,31.93877551020408
BAG 250g SWIRLY MARBLES,5144,4039.2799999999997,248,137,20.741935483870968
BAG 500g SWIRLY MARBLES,1459,1462.1699999999998,141,89,10.347517730496454
BAG OF SILVER STONES,131,89.94999999999999,13,5,10.076923076923077
BAKING MOULD CHOCOLATE CUP CAKES,12,30.599999999999998,2,2,6.0
BAKING MOULD CHOCOLATE CUPCAKES,950,2507.14,157,119,6.050955414012739
BAKING MOULD CUPCAKE CHOCOLATE,12,30.599999999999998,1,1,12.0
BAKING MOULD EASTER EGG MILK CHOC,940,2585.92,122,82,7.704918032786885
BAKING MOULD EASTER EGG WHITE CHOC,589,1707.47,78,65,7.551282051282051
BAKING MOULD HEART MILK CHOCOLATE,1109,2849.35,189,120,5.867724867724868
BAKING MOULD HEART WHITE CHOCOLATE,815,1968.4,129,95,6.317829457364341
BAKING MOULD ROSE MILK CHOCOLATE,690,2066.82,65,46,10.615384615384615
BAKING MOULD ROSE WHITE CHOCOLATE,279,895.97,50,30,5.58
BAKING SET 9 PIECE RETROSPOT ,4948,24239.72,934,581,5.297644539614561
BAKING SET SPACEBOY DESIGN,2209,10745.050000000001,464,296,4.760775862068965
BALLOON ART MAKE YOUR OWN FLOWERS,1022,1058.69,98,66,10.428571428571429
BALLOON PUMP WITH 10 BALLOONS,798,1580.16,124,94,6.435483870967742
BALLOON WATER BOMB PACK OF 35,6034,2385.12,154,100,39.18181818181818
BALLOONS  WRITING SET ,1342,2418.68,346,135,3.878612716763006
BANK ACCOUNT  GREETING  CARD ,318,132.44,38,16,8.368421052631579
BANQUET BIRTHDAY  CARD  ,1656,717.12,160,71,10.35
BAROQUE BUTTERFLY EARRINGS BLACK,2,7.5,2,2,1.0
BAROQUE BUTTERFLY EARRINGS CRYSTAL,4,14.96,4,1,1.0
BAROQUE BUTTERFLY EARRINGS MONTANA,1,3.73,1,0,1.0
BAROQUE BUTTERFLY EARRINGS PINK,3,11.19,3,0,1.0
BAROQUE BUTTERFLY EARRINGS RED,1,3.73,1,0,1.0
BASKET OF FLOWERS SEWING KIT,813,645.06,63,40,12.904761904761905
BASKET OF TOADSTOOLS,1430,1767.15,130,51,11.0
BATH BUILDING BLOCK WORD,823,5089.56,270,168,3.0481481481481483
BATHROOM HOOK,146,157.5,27,21,5.407407407407407
BATHROOM METAL SIGN,5883,3474.31,631,210,9.323296354992076
BATHROOM METAL SIGN ,438,613.14,73,43,6.0
BATHROOM SCALES FOOTPRINTS IN SAND,51,172.05,20,17,2.55
BATHROOM SCALES RUBBER DUCKS,43,146.85,21,11,2.0476190476190474
"BATHROOM SCALES, TROPICAL BEACH",18,67.5,12,8,1.5
BATHROOM SET LOVE HEART DESIGN,82,237.98000000000002,14,9,5.857142857142857
BEACH HUT DESIGN BLACKBOARD,41,203.07,15,7,2.7333333333333334
BEACH HUT KEY CABINET,34,177.33,21,6,1.619047619047619
BEACH HUT MIRROR,49,66.39,8,7,6.125
BEACH HUT SHELF W 3 DRAWERS,81,504.43,31,16,2.6129032258064515
BEADED CHANDELIER T-LIGHT HOLDER,698,1435.8200000000002,38,31,18.36842105263158
BEADED CRYSTAL HEART BLUE  LARGE,483,438.87,46,37,10.5
BEADED CRYSTAL HEART BLUE ON STICK,193,178.85,50,5,3.86
BEADED CRYSTAL HEART BLUE SMALL,80,107.31,15,8,5.333333333333333
BEADED CRYSTAL HEART GREEN LARGE,834,760.4300000000001,62,44,13.451612903225806
BEADED CRYSTAL HEART GREEN ON STICK,623,521.11,172,2,3.622093023255814
BEADED CRYSTAL HEART GREEN SMALL,119,168.59,31,10,3.838709677419355
BEADED CRYSTAL HEART PINK LARGE,565,569.29,62,41,9.112903225806452
BEADED CRYSTAL HEART PINK ON STICK,850,725.26,206,5,4.12621359223301
BEADED CRYSTAL HEART PINK SMALL,208,343.99,65,16,3.2
BEADED LOVE HEART JEWELLERY SET,10,8.5,1,1,10.0
BEADED PEARL HEART WHITE LARGE,77,127.04999999999998,10,10,7.7
BEADED PEARL HEART WHITE ON STICK,996,901.48,119,19,8.369747899159664
BELL HEART ANTIQUE GOLD,12,24.96,1,1,12.0
BELL HEART DECORATION,252,387.0,9,9,28.0
BELLE JARDINIERE CUSHION COVER,761,3305.83,210,141,3.623809523809524
BEST DAD CANDLE LETTERS,31,26.349999999999998,8,8,3.875
BEWARE OF THE CAT METAL SIGN ,4156,6939.08,449,178,9.256124721603564
BICYCLE PUNCTURE REPAIR KIT ,1864,3883.99,116,93,16.06896551724138
BICYCLE SAFTEY WALL ART,458,2371.94,39,38,11.743589743589743
BIG DOUGHNUT FRIDGE MAGNETS,1726,2334.94,198,58,8.717171717171718
BIG POLKADOT MUG,6,2.34,1,1,6.0
BILI NUT AND WOOD NECKLACE,50,59.89,7,5,7.142857142857143
BINGO SET,1690,6667.04,378,210,4.470899470899471
BIRD BOX CHRISTMAS TREE DECORATION,24,22.06,6,4,4.0
BIRD DECORATION GREEN POLKADOT,820,747.81,139,30,5.899280575539568
BIRD DECORATION RED RETROSPOT,917,881.3299999999999,132,45,6.946969696969697
BIRD HOUSE HOT WATER BOTTLE,1173,4914.69,279,116,4.204301075268817
BIRD ON BRANCH CANVAS SCREEN,11,21.45,1,1,11.0
BIRDCAGE DECORATION TEALIGHT HOLDER,650,770.32,67,48,9.701492537313433
BIRDHOUSE DECORATION MAGIC GARDEN,714,891.99,137,66,5.211678832116788
BIRDHOUSE GARDEN MARKER ,1543,2218.12,140,59,11.021428571428572
BIRDS MOBILE VINTAGE DESIGN,189,1147.27,73,56,2.589041095890411
BIRTHDAY BANNER TAPE,24,30.0,1,1,24.0
BIRTHDAY BANQUET GIFT WRAP,975,393.5,32,32,30.46875
"BIRTHDAY CARD, RETRO SPOT",2608,1104.81,270,94,9.65925925925926
BIRTHDAY PARTY CORDON BARRIER TAPE,478,617.11,97,60,4.927835051546392
BISCUIT TIN 50'S CHRISTMAS,2206,6715.93,309,231,7.13915857605178
BISCUIT TIN VINTAGE CHRISTMAS,1725,5088.45,277,201,6.227436823104693
BISCUIT TIN VINTAGE GREEN,451,2911.27,126,92,3.5793650793650795
BISCUIT TIN VINTAGE LEAF,24,64.56,3,3,8.0
BISCUIT TIN VINTAGE RED,589,3823.21,162,120,3.6358024691358026
BISCUITS SMALL BOWL LIGHT BLUE,1256,632.26,173,49,7.2601156069364166
BLACK 3 BEAD DROP EARRINGS,14,40.96,9,1,1.5555555555555556
BLACK AND WHITE CAT BOWL,1363,2684.6499999999996,49,35,27.816326530612244
BLACK AND WHITE DOG BOWL,1198,2608.08,52,41,23.03846153846154
BLACK BAROQUE CARRIAGE CLOCK,51,432.78999999999996,35,5,1.457142857142857
BLACK BAROQUE WALL CLOCK ,84,783.68,36,10,2.3333333333333335
BLACK BIRD GARDEN DESIGN MUG,106,62.239999999999995,16,15,6.625
BLACK CANDELABRA T-LIGHT HOLDER,941,1106.88,89,30,10.573033707865168
BLACK CHAMPAGNE GLASS,1529,626.55,35,25,43.68571428571428
BLACK CHERRY LIGHTS,8,54.0,1,1,8.0
BLACK CHRISTMAS FLOCK DROPLET ,24,30.0,1,1,24.0
BLACK CHRISTMAS TREE 120CM,217,551.13,27,19,8.037037037037036
BLACK CHRISTMAS TREE 60CM,558,460.64,25,20,22.32
BLACK CHUNKY BEAD BRACELET W STRAP,22,199.67,18,7,1.2222222222222223
BLACK CRYSTAL DROP EARRINGS,12,35.27,7,2,1.7142857142857142
BLACK DIAMANTE EXPANDABLE RING,26,110.09,10,5,2.6
BLACK DIAMOND CLUSTER EARRINGS,3,8.82,3,0,1.0
BLACK DIAMOND CLUSTER NECKLACE,4,37.239999999999995,3,1,1.3333333333333333
BLACK DINER WALL CLOCK,66,625.6899999999999,44,24,1.5
BLACK DROP CRYSTAL NECKLACE,13,45.35000000000001,3,2,4.333333333333333
BLACK DROP EARRINGS W LONG BEADS,10,29.05,10,1,1.0
BLACK EAR MUFF HEADPHONES,48,318.19,28,13,1.7142857142857142
BLACK ENAMEL FLOWER RING,86,252.9,23,9,3.739130434782609
BLACK ENCHANTED FOREST PLACEMAT,698,1266.91,71,20,9.830985915492958
BLACK FEATHER CHRISTMAS DECORATION,96,18.240000000000002,7,7,13.714285714285714
BLACK FINE BEAD NECKLACE W TASSEL,6,35.44,6,1,1.0
BLACK FLOWER CANDLE PLATE,7,5.949999999999999,2,2,3.5
BLACK GEMSTONE BRACELET,4,29.98,4,3,1.0
BLACK GEMSTONE NECKLACE 45CM,5,63.480000000000004,5,4,1.0
BLACK GLASS BRACELET W HEART CHARMS,35,174.73000000000002,27,1,1.2962962962962963
BLACK GLASS/SHELL/PEARL NECKLACE,1,9.15,1,0,1.0
BLACK GRAND BAROQUE PHOTO FRAME,50,109.94,8,7,6.25
BLACK HEART CARD HOLDER,4871,12487.17,189,123,25.772486772486772
BLACK KITCHEN SCALES,520,4427.36,199,134,2.613065326633166
BLACK LOVE BIRD CANDLE,329,356.06,62,17,5.306451612903226
BLACK LOVE BIRD T-LIGHT HOLDER,186,332.14,29,10,6.413793103448276
BLACK MEDIUM GLASS CAKE STAND,19,38.69,8,8,2.375
BLACK MINI TAPE MEASURE ,623,625.8,112,11,5.5625
BLACK ORANGE SQUEEZER,138,57.96,21,13,6.571428571428571
BLACK PHOTO ALBUM ,15,7.5,3,3,5.0
BLACK PIRATE TREASURE CHEST,531,863.38,143,56,3.7132867132867133
BLACK RECORD COVER FRAME,11656,40652.13,375,140,31.082666666666668
BLACK SIL'T SQU CANDLE PLATE ,16,33.6,2,2,8.0
BLACK SILOUETTE CANDLE PLATE,137,116.44999999999999,20,18,6.85
BLACK SMALL GLASS CAKE STAND,61,54.99,12,12,5.083333333333333
BLACK SQUARE TABLE CLOCK,116,305.2,30,10,3.8666666666666667
BLACK STITCHED WALL CLOCK,711,749.94,42,20,16.928571428571427
BLACK SWEETHEART BRACELET,93,392.83,47,18,1.9787234042553192
BLACK TEA TOWEL CLASSIC DESIGN,827,748.08,128,68,6.4609375
BLACK VINT ART DEC CRYSTAL BRACELET,2,13.5,2,1,1.0
BLACK VINT ART DEC CRYSTAL NECKLACE,9,76.32,6,5,1.5
BLACK VINTAGE  CRYSTAL EARRINGS,12,45.0,7,6,1.7142857142857142
BLACK VINTAGE EARRINGS,36,149.41000000000003,31,0,1.1612903225806452
BLACK WINE GLASS,1672,699.96,19,12,88.0
BLACK+WHITE NECKLACE W TASSEL,17,127.24,9,5,1.8888888888888888
BLACK/BLUE POLKADOT UMBRELLA,1182,6909.990000000001,292,183,4.0479452054794525
BLACK/WHITE GLASS/SILVER BRACELET,11,100.08999999999999,7,3,1.5714285714285714
BLACKCHRISTMAS TREE 30CM,1,1.25,1,1,1.0
BLING KEY RING STAND,6,6.25,3,3,2.0
BLOND DOLL DOORSTOP,115,149.25,14,11,8.214285714285714
BLOSSOM  IMAGES NOTEBOOK SET,512,682.97,36,21,14.222222222222221
BLOSSOM IMAGES GIFT WRAP SET,798,747.7900000000001,133,84,6.0
BLOSSOM IMAGES SCRAP BOOK SET,1,4.95,1,1,1.0
BLUE  DIAMANTE PEN IN GIFT BOX,130,493.08,54,12,2.4074074074074074
BLUE  TILE HOOK,99,282.78999999999996,27,15,3.6666666666666665
BLUE  VOILE LAMPSHADE,86,234.5,9,7,9.555555555555555
BLUE & WHITE BREAKFAST TRAY,98,358.1,38,18,2.5789473684210527
BLUE 3 PIECE POLKADOT CUTLERY SET,1220,4504.5,108,80,11.296296296296296
BLUE BIRDHOUSE DECORATION,421,292.03,62,34,6.790322580645161
BLUE BLOSSOM HAIR CLIP,70,81.96000000000001,12,6,5.833333333333333
BLUE BREAKFAST CUP AND SAUCER ,4,11.8,3,2,1.3333333333333333
BLUE BUNNY EASTER EGG BASKET,157,230.24999999999997,3,3,52.333333333333336
BLUE CALCULATOR RULER,657,833.49,113,40,5.814159292035399
BLUE CAT BISCUIT BARREL PINK HEART,66,148.32,17,8,3.8823529411764706
BLUE CHARLIE+LOLA PERSONAL DOORSIGN,1041,583.23,111,77,9.378378378378379
BLUE CHECK BAG W HANDLE 34X20CM,17,14.11,5,5,3.4
BLUE CHENILLE SHAGGY CUSHION COVER ,43,43.15,12,8,3.5833333333333335
BLUE CIRCLES DESIGN MONKEY DOLL,66,175.73,28,11,2.357142857142857
BLUE CIRCLES DESIGN TEDDY,57,157.5,25,14,2.28
BLUE CLIMBING HYDRANGA ART FLOWER,38,52.5,3,3,12.666666666666666
BLUE COAT RACK PARIS FASHION,468,2266.1600000000003,154,106,3.038961038961039
BLUE CRUSOE CHECK LAMPSHADE,9,3.78,3,3,3.0
BLUE CRYSTAL BOOT PHONE CHARM,1,1.66,1,0,1.0
BLUE CUSHION COVER WITH FLOWER,58,381.78000000000003,29,9,2.0
BLUE DAISY MOBILE,172,138.76,12,9,14.333333333333334
BLUE DELPHINIUM ARTIFICIAL FLOWER,99,188.37000000000003,6,6,16.5
BLUE DINER WALL CLOCK,954,8189.29,365,179,2.6136986301369864
BLUE DISCO HANDBAG,32,66.75999999999999,11,10,2.909090909090909
BLUE DRAGONFLY HELICOPTER,65,524.5500000000001,45,28,1.4444444444444444
BLUE DRAWER KNOB ACRYLIC EDWARDIAN,1904,2593.53,195,77,9.764102564102565
BLUE DROP EARRINGS W BEAD CLUSTER,1,3.32,1,0,1.0
BLUE EASTER EGG HUNT START POST,11,25.81,6,4,1.8333333333333333
BLUE EGG  SPOON,1857,322.18,106,58,17.5188679245283
BLUE FELT EASTER EGG BASKET,365,610.4499999999999,71,60,5.140845070422535
BLUE FELT HANGING HEART W FLOWER,16,26.11,2,0,8.0
BLUE FELT HANGING HEART WITH FLOWER,75,50.57,30,1,2.5
BLUE FLOCK CUSHION COVER ,8,20.0,3,2,2.6666666666666665
BLUE FLOCK GLASS CANDLEHOLDER,644,259.96,10,9,64.4
BLUE FLOWER DES PURSE,44,43.66,6,6,7.333333333333333
BLUE FLY SWAT,179,156.63,66,31,2.712121212121212
BLUE GEISHA GIRL ,44,146.07999999999998,25,9,1.76
BLUE GIANT GARDEN THERMOMETER,450,2763.42,182,125,2.4725274725274726
BLUE GINGHAM ROSE CUSHION COVER,2,11.9,1,1,2.0
BLUE GLASS CHUNKY CHARM BRACELET,9,80.55,6,6,1.5
BLUE GLASS GEMS IN BAG,588,553.8299999999999,57,11,10.31578947368421
BLUE GREEN EMBROIDERY COSMETIC BAG,35,97.13,22,3,1.5909090909090908
BLUE HANGING GINGHAM EASTER HEN,32,13.44,5,5,6.4
BLUE HAPPY BIRTHDAY BUNTING,1992,10502.650000000001,390,228,5.107692307692307
BLUE HARMONICA IN BOX ,7879,10343.56,603,306,13.066334991708127
BLUE HEART COMPACT MIRROR,129,221.25,16,12,8.0625
BLUE HOLE PUNCH,13,16.25,7,7,1.8571428571428572
BLUE JUICY FRUIT PHOTO FRAME,93,264.06,39,23,2.3846153846153846
BLUE KNITTED EGG COSY,156,87.56,28,24,5.571428571428571
BLUE KNITTED HEN ,220,257.21999999999997,50,14,4.4
BLUE LEAVES AND BEADS PHONE CHARM,2,3.76,2,1,1.0
BLUE MONTE CARLO HANDBAG,24,46.8,1,1,24.0
BLUE MURANO TWIST BRACELET,39,164.12,15,5,2.6
BLUE MURANO TWIST NECKLACE,12,119.89,11,3,1.0909090909090908
BLUE NETTING STORAGE HANGER,8,15.6,6,6,1.3333333333333333
BLUE NEW BAROQUE CANDLESTICK CANDLE,449,536.41,35,20,12.82857142857143
BLUE NEW BAROQUE FLOCK CANDLESTICK,1,4.65,1,1,1.0
BLUE ORGANDY ROUND LAMPSHADE W BEA,12,10.2,4,4,3.0
BLUE OWL SOFT TOY,513,1539.8300000000002,115,62,4.460869565217391
BLUE PADDED SOFT MOBILE,1,4.25,1,1,1.0
BLUE PAINTED KASHMIRI CHAIR,3,149.85000000000002,1,1,3.0
BLUE PAISLEY JOURNAL ,253,663.7099999999999,79,50,3.2025316455696204
BLUE PAISLEY NOTEBOOK,56,92.39999999999999,23,21,2.4347826086956523
BLUE PAISLEY POCKET BOOK,307,272.02,62,44,4.951612903225806
BLUE PAISLEY SKETCHBOOK,123,517.22,63,46,1.9523809523809523
BLUE PAISLEY TISSUE BOX,672,322.18,91,75,7.384615384615385
BLUE PAPER PARASOL ,321,946.83,60,36,5.35
BLUE PARTY BAGS ,1480,2822.32,118,69,12.542372881355933
BLUE PATCH PURSE PINK HEART,244,386.32,41,16,5.951219512195122
BLUE POLKADOT BEAKER ,2844,1141.3999999999999,90,63,31.6
BLUE POLKADOT BOWL,3121,3984.37,322,149,9.692546583850932
BLUE POLKADOT CUP,3573,3112.81,325,149,10.993846153846153
BLUE POLKADOT EGG CUP ,1075,550.43,65,43,16.53846153846154
BLUE POLKADOT GARDEN PARASOL,200,1668.49,89,40,2.247191011235955
BLUE POLKADOT KIDS BAG,286,688.3,74,20,3.864864864864865
BLUE POLKADOT LUGGAGE TAG ,268,350.61,78,26,3.4358974358974357
BLUE POLKADOT PASSPORT COVER,309,466.99,95,28,3.2526315789473683
BLUE POLKADOT PLATE ,2282,3789.3199999999997,196,107,11.642857142857142
BLUE POLKADOT PUDDING BOWL,29,38.67,7,7,4.142857142857143
BLUE POLKADOT PURSE ,44,141.15,33,3,1.3333333333333333
BLUE POLKADOT WASHING UP GLOVES,414,935.1500000000001,148,91,2.7972972972972974
BLUE POLKADOT WRAP,6952,2819.84,217,175,32.036866359447004
BLUE POT PLANT CANDLE ,299,1060.9,68,35,4.397058823529412
BLUE PUDDING SPOON,1052,151.19,82,48,12.829268292682928
BLUE REFECTORY CLOCK ,174,1787.4099999999999,82,56,2.1219512195121952
BLUE RETRO KITCHEN WALL CLOCK,36,301.88,18,16,2.0
BLUE ROSE FABRIC MIRROR,598,710.95,90,34,6.644444444444445
BLUE ROSE PATCH PURSE PINK BUTTERFL,32,52.8,8,7,4.0
BLUE ROUND COMPACT MIRROR,97,152.18,18,11,5.388888888888889
BLUE SAVANNAH PICNIC HAMPER FOR 2,256,2393.5899999999997,124,16,2.064516129032258
BLUE SCANDINAVIAN PAISLEY WRAP,1000,420.0,39,36,25.641025641025642
BLUE SCOTTIE DOG W FLOWER PATTERN,180,431.72999999999996,49,21,3.673469387755102
BLUE SHARK HELICOPTER,2,15.9,2,2,1.0
BLUE SPOT CERAMIC DRAWER KNOB,4370,6141.29,374,158,11.684491978609625
BLUE SQUARE COMPACT MIRROR,51,63.75,8,8,6.375
BLUE STONES ON WIRE FOR CANDLE,404,33.75,17,16,23.764705882352942
BLUE STRIPE CERAMIC DRAWER KNOB,5285,7136.0,425,167,12.435294117647059
BLUE STRIPES SHOULDER BAG,9,7.469999999999999,3,2,3.0
BLUE SWEETHEART BRACELET,50,211.43,26,6,1.9230769230769231
BLUE TABLE RUN FLOWER,45,56.25,11,11,4.090909090909091
BLUE TEA TOWEL CLASSIC DESIGN,478,565.86,53,40,9.018867924528301
BLUE TEATIME PRINT BOWL ,10,12.5,2,2,5.0
BLUE TILED TRAY,8,54.0,4,4,2.0
BLUE TRAVEL FIRST AID KIT,41,67.50999999999999,14,7,2.9285714285714284
BLUE TV TRAY TABLE ,127,518.61,39,6,3.2564102564102564
BLUE VICTORIAN FABRIC OVAL BOX,925,388.57,100,29,9.25
BLUE VINTAGE SPOT BEAKER,5048,4747.62,222,125,22.73873873873874
BLUE WHITE PLASTIC RINGS LAMPSHADE,14,11.899999999999999,5,4,2.8
BLUE WIRE SPIRAL CANDLE HOLDER,12,82.57,6,5,2.0
BLUE/CREAM STRIPE CUSHION COVER ,623,771.15,99,41,6.292929292929293
BLUE/GREEN SHELL NECKLACE W PENDANT,2,11.46,2,1,1.0
BLUE/NAT SHELL NECKLACE W PENDANT,1,5.95,1,1,1.0
BLUE/YELLOW CERAMIC CANDLE HOLDER,4,6.6,1,1,4.0
BLUE/YELLOW FLOWER DESIGN BIG MUG,31,16.77,12,12,2.5833333333333335
BOHEMIAN COLLAGE STATIONERY SET,635,1080.82,211,80,3.009478672985782
BOOM BOX SPEAKER BOYS,301,1301.55,101,40,2.98019801980198
BOOM BOX SPEAKER GIRLS,564,1172.48,90,31,6.266666666666667
BOOZE & WOMEN GREETING CARD ,504,214.19,58,29,8.689655172413794
BOTANICAL GARDENS WALL CLOCK ,262,5843.92,83,70,3.1566265060240966
BOTANICAL LAVENDER BIRTHDAY CARD,504,225.59,80,28,6.3
BOTANICAL LAVENDER GIFT WRAP ,475,199.5,19,19,25.0
BOTANICAL LILY GIFT WRAP,250,105.0,7,6,35.714285714285715
BOTANICAL LILY GREETING CARD,427,181.98,60,28,7.116666666666666
BOTANICAL ROSE GIFT WRAP,725,304.5,28,27,25.892857142857142
BOTANICAL ROSE GREETING CARD,337,141.95,22,20,15.318181818181818
BOTTLE BAG RETROSPOT ,1330,2171.53,207,83,6.42512077294686
BOUDOIR SQUARE TISSUE BOX,1994,1003.19,172,98,11.593023255813954
BOX OF 24 COCKTAIL PARASOLS,7908,4329.48,583,209,13.564322469982848
BOX OF 6 ASSORTED COLOUR TEASPOONS,558,2389.52,210,48,2.657142857142857
BOX OF 6 CHRISTMAS CAKE DECORATIONS,1875,7356.18,220,136,8.522727272727273
BOX OF 6 MINI 50'S CRACKERS,3739,9266.84,403,300,9.277915632754343
BOX OF 6 MINI VINTAGE CRACKERS,3811,9167.390000000001,376,270,10.13563829787234
BOX OF 9 PEBBLE CANDLES,486,988.18,103,56,4.718446601941747
BOX OF VINTAGE ALPHABET BLOCKS,1342,13931.31,267,174,5.02621722846442
BOX OF VINTAGE JIGSAW BLOCKS ,939,5248.21,235,165,3.9957446808510637
BOX/12 CHICK & EGG IN BASKET,123,223.10999999999999,41,37,3.0
BOXED GLASS ASHTRAY,4,9.94,4,0,1.0
BOYS ALPHABET IRON ON PATCHES,1975,546.04,99,5,19.949494949494948
BOYS PARTY BAG,47,150.54999999999998,11,0,4.2727272727272725
BOYS VINTAGE TIN SEASIDE BUCKET,1441,3913.72,244,112,5.905737704918033
BREAD BIN DINER STYLE IVORY,901,14329.539999999999,375,214,2.4026666666666667
BREAD BIN DINER STYLE MINT,321,5001.83,128,79,2.5078125
BREAD BIN DINER STYLE PINK,324,5225.4,128,68,2.53125
BREAD BIN DINER STYLE RED ,665,10676.619999999999,278,158,2.3920863309352516
"BREAD BIN, DINER STYLE, IVORY",4,59.8,1,1,4.0
"BREAD BIN, DINER STYLE, MINT",4,59.8,1,1,4.0
BRIGHT BLUES RIBBONS ,551,702.41,109,85,5.055045871559633
BROCADE RING PURSE ,23056,6036.39,239,136,96.46861924686192
BROCANTE COAT RACK,220,2025.96,60,33,3.6666666666666665
BROCANTE SHELF WITH HOOKS,162,1781.82,76,64,2.1315789473684212
BROWN  PIRATE TREASURE CHEST ,416,996.8,146,26,2.8493150684931505
BROWN CHECK CAT DOORSTOP ,290,1421.11,138,79,2.101449275362319
BROWN KUKUI COCONUT SEED NECKLACE,77,91.7,11,8,7.0
BROWN VINTAGE VICTORIAN EARRINGS,2,5.8,2,0,1.0
BUBBLEGUM RING ASSORTED,12050,4997.28,245,146,49.183673469387756
BUFFALO BILL TREASURE BOOK BOX,1930,4097.28,175,109,11.028571428571428
BUFFALO BILL WALL ART ,248,852.72,16,15,15.5
BULL DOG BOTTLE OPENER,874,4764.5,264,129,3.3106060606060606
BULL DOG BOTTLE TOP WALL CLOCK,201,1733.57,82,60,2.451219512195122
BUNDLE OF 3 ALPHABET EXERCISE BOOKS,3533,6142.289999999999,345,224,10.240579710144928
BUNDLE OF 3 RETRO EXERCISE BOOKS,60,98.99999999999999,5,5,12.0
BUNDLE OF 3 RETRO NOTE BOOKS,2158,3557.9399999999996,276,178,7.818840579710145
BUNDLE OF 3 SCHOOL EXERCISE BOOKS  ,1702,2761.8999999999996,202,145,8.425742574257425
BUNNY DECORATION MAGIC GARDEN,670,593.14,113,54,5.929203539823009
BUNNY EGG BOX,183,228.75,26,24,7.038461538461538
BUNNY EGG GARLAND,528,269.17,78,32,6.769230769230769
BUNNY WOODEN PAINTED WITH BIRD ,1001,778.63,147,81,6.809523809523809
BUNNY WOODEN PAINTED WITH FLOWER ,568,432.46,101,54,5.623762376237623
"BUNTING , SPOTTY ",146,634.7,7,7,20.857142857142858
BUTTERFLIES STICKERS,634,573.36,110,45,5.763636363636364
BUTTERFLY CROCHET FOOD COVER,148,572.23,66,43,2.242424242424242
BUTTERFLY CUSHION COVER,8,30.0,2,2,4.0
BUTTERFLY HAIR BAND,38,95.41999999999999,21,4,1.8095238095238095
BUTTON BOX ,1877,3380.45,250,73,7.508
BUTTONS AND STRIPES NOTEBOOK ,13,48.75,7,7,1.8571428571428572
CABIN BAG VINTAGE PAISLEY,99,2010.12,34,15,2.911764705882353
CABIN BAG VINTAGE RETROSPOT,247,4674.62,68,31,3.6323529411764706
CACTI T-LIGHT CANDLES,5353,2292.34,143,84,37.43356643356643
CAKE PLATE LOVEBIRD PINK,441,1821.6100000000001,78,34,5.653846153846154
CAKE PLATE LOVEBIRD WHITE,1057,3880.2,222,104,4.761261261261262
CAKE SHOP  STICKER SHEET,57,48.449999999999996,8,8,7.125
CAKE STAND 3 TIER MAGIC GARDEN,308,3624.5999999999995,88,67,3.5
CAKE STAND LACE WHITE,1,4.25,1,1,1.0
CAKE STAND LOVEBIRD 2 TIER PINK,131,1104.54,51,37,2.5686274509803924
CAKE STAND LOVEBIRD 2 TIER WHITE,232,1859.2,86,64,2.697674418604651
CAKE STAND VICTORIAN FILIGREE LARGE,56,471.86,35,3,1.6
CAKE STAND VICTORIAN FILIGREE MED,322,1916.01,129,16,2.496124031007752
CAKE STAND VICTORIAN FILIGREE SMALL,374,1430.48,122,30,3.0655737704918034
CAKE STAND WHITE TWO TIER LACE,343,2471.39,101,71,3.396039603960396
CAKES AND BOWS GIFT  TAPE,1166,413.76,93,43,12.53763440860215
CAKES AND RABBITS DESIGN FLANNEL ,119,134.48999999999998,50,7,2.38
"CAKESTAND, 3 TIER, LOVEHEART",2,19.9,1,1,2.0
CALENDAR FAMILY FAVOURITES,193,550.6,59,21,3.2711864406779663
CALENDAR IN SEASON DESIGN,582,1505.24,110,50,5.290909090909091
CALENDAR PAPER CUT DESIGN,1838,5479.06,271,162,6.782287822878229
CAMOUFLAGE DESIGN TEDDY,1631,3448.05,36,17,45.30555555555556
CAMOUFLAGE DOG COLLAR,1,12.72,1,0,1.0
CAMOUFLAGE EAR MUFF HEADPHONES,54,373.57,27,12,2.0
CAMOUFLAGE LED TORCH,2726,4594.43,168,87,16.226190476190474
CAMPHOR WOOD PORTOBELLO MUSHROOM,184,254.32999999999998,50,22,3.68
CANDLE HOLDER SILVER MADELINE,196,325.15999999999997,20,17,9.8
CANDLE PLATE LACE WHITE,193,416.59999999999997,56,18,3.4464285714285716
CANDLEHOLDER PINK HANGING HEART,2262,6471.240000000001,398,222,5.683417085427136
CANDY HEART HANGING DECORATION,1318,690.52,62,30,21.258064516129032
CANDY SHOP  STICKER SHEET,195,179.45999999999998,33,19,5.909090909090909
CANDY SPOT BUNNY,14,41.300000000000004,5,5,2.8
CANDY SPOT CUSHION COVER,339,1129.99,125,7,2.712
CANDY SPOT EGG WARMER HARE,708,475.18,88,20,8.045454545454545
CANDY SPOT EGG WARMER RABBIT,641,242.32,90,29,7.122222222222222
CANDY SPOT HAND BAG,259,534.83,51,18,5.078431372549019
CANDY SPOT HEART DECORATION,146,122.08,50,8,2.92
CANDY SPOT TEA COSY,27,40.05,2,2,13.5
CANNABIS LEAF BEAD CURTAIN,36,30.599999999999998,2,2,18.0
CANNISTER VINTAGE LEAF DESIGN,12,23.4,2,2,6.0
CAPIZ CHANDELIER,1,29.95,1,1,1.0
CARAVAN SQUARE TISSUE BOX,1446,804.65,153,96,9.450980392156863
CARD BILLBOARD FONT,5302,2261.6,443,223,11.968397291196387
CARD BIRTHDAY COWBOY,3487,1415.73,225,125,15.497777777777777
CARD CAT AND TREE ,1657,727.31,168,70,9.863095238095237
CARD CHRISTMAS VILLAGE,3657,1560.48,244,151,14.987704918032787
CARD CIRCUS PARADE,3213,1365.95,288,167,11.15625
CARD DOG AND BALL ,1229,535.78,131,69,9.381679389312977
CARD DOLLY GIRL ,4483,1842.36,312,141,14.368589743589743
CARD GINGHAM ROSE ,2717,1106.17,163,91,16.66871165644172
CARD HOLDER GINGHAM HEART,687,2149.31,175,110,3.9257142857142857
CARD HOLDER LOVE BIRD LARGE ,232,1460.5,84,70,2.761904761904762
CARD HOLDER LOVE BIRD SMALL,332,1355.24,72,61,4.611111111111111
CARD I LOVE LONDON ,3501,1462.56,217,109,16.13364055299539
CARD MOTORBIKE SANTA,4023,1706.8799999999999,266,158,15.12406015037594
CARD PARTY GAMES ,2141,893.51,235,75,9.11063829787234
CARD PSYCHEDELIC APPLES,2640,1123.8799999999999,268,79,9.850746268656716
CARD SUKI BIRTHDAY,2639,1114.81,290,79,9.1
CARD WEDDING DAY,1543,645.64,130,78,11.86923076923077
CARDHOLDER GINGHAM CHRISTMAS TREE,413,1509.41,86,53,4.8023255813953485
CARDHOLDER GINGHAM STAR,379,1212.82,79,46,4.7974683544303796
CARDHOLDER HOLLY WREATH METAL,658,3021.12,135,79,4.874074074074074
CARNIVAL BRACELET,44,558.03,26,6,1.6923076923076923
CAROUSEL DESIGN WASHBAG,108,199.84,50,26,2.16
CAROUSEL PONIES BABY BIB,33,14.37,12,10,2.75
CARRIAGE,142,7051.0,141,29,1.0070921985815602
CARROT CHARLIE+LOLA COASTER SET,472,774.55,126,63,3.746031746031746
CARTOON  PENCIL SHARPENERS,3821,283.31,64,43,59.703125
CAST IRON HOOK GARDEN FORK,523,1421.83,23,12,22.73913043478261
CAST IRON HOOK GARDEN TROWEL,386,1018.19,25,12,15.44
CAT AND BIRD WALL ART,270,323.64,4,3,67.5
CAT BOWL VINTAGE CREAM,472,1655.96,116,76,4.068965517241379
CAT WITH SUNGLASSES BLANK CARD,5,0.95,1,1,5.0
CD WALL TIDY BLUE OFFICE,103,40.379999999999995,8,2,12.875
CD WALL TIDY RED FLOWERS,163,61.05,8,4,20.375
CERAMIC BIRDHOUSE CRESTED TIT SMALL,79,253.53000000000003,22,13,3.590909090909091
CERAMIC BOWL WITH LOVE HEART DESIGN,588,682.01,73,43,8.054794520547945
CERAMIC BOWL WITH STRAWBERRY DESIGN,590,1388.1000000000001,120,56,4.916666666666667
CERAMIC CAKE BOWL + HANGING CAKES,717,2126.3900000000003,134,47,5.350746268656716
CERAMIC CAKE DESIGN SPOTTED MUG,1456,2214.08,187,78,7.786096256684492
CERAMIC CAKE DESIGN SPOTTED PLATE,820,1313.28,115,51,7.130434782608695
CERAMIC CAKE STAND + HANGING CAKES,564,5127.24,154,106,3.6623376623376624
CERAMIC CHERRY CAKE MONEY BANK,2223,3000.02,276,146,8.054347826086957
CERAMIC HEART FAIRY CAKE MONEY BANK,2363,4721.73,351,161,6.732193732193732
CERAMIC LOVE HEART MONEY BANK,732,466.18,45,34,16.266666666666666
CERAMIC PIRATE CHEST MONEY BANK,860,1333.75,143,78,6.013986013986014
CERAMIC PLATE STRAWBERRY DESIGN,584,667.92,61,46,9.573770491803279
CERAMIC STRAWBERRY CAKE MONEY BANK,4168,5695.7699999999995,390,185,10.687179487179487
CERAMIC STRAWBERRY DESIGN MUG,1790,2094.24,173,85,10.346820809248555
CERAMIC STRAWBERRY MONEY BOX,977,2515.52,114,38,8.570175438596491
CERAMIC STRAWBERRY TRINKET TRAY,137,350.46999999999997,69,11,1.9855072463768115
CHALKBOARD KITCHEN ORGANISER,11,366.73,8,3,1.375
CHAMBRE HOOK,132,184.67999999999998,25,18,5.28
CHAMPAGNE TRAY BLANK CARD,8,1.52,2,2,4.0
CHARLIE & LOLA WASTEPAPER BIN BLUE,667,852.04,86,60,7.755813953488372
CHARLIE & LOLA WASTEPAPER BIN FLORA,996,1323.37,118,84,8.440677966101696
CHARLIE + LOLA BISCUITS TINS,555,1657.87,118,38,4.703389830508475
CHARLIE + LOLA RED HOT WATER BOTTLE,939,2430.44,255,106,3.6823529411764704
CHARLIE AND LOLA CHARLOTTE BAG,65,162.20999999999998,27,7,2.4074074074074074
CHARLIE AND LOLA FIGURES TINS,1523,3587.19,214,96,7.116822429906542
CHARLIE AND LOLA TABLE TINS,538,1230.78,84,44,6.404761904761905
CHARLIE LOLA BLUE HOT WATER BOTTLE ,305,1457.0,143,29,2.132867132867133
CHARLIE+LOLA MY ROOM DOOR SIGN,403,249.48999999999998,84,58,4.7976190476190474
CHARLIE+LOLA PINK HOT WATER BOTTLE,1005,3390.88,313,78,3.2108626198083066
CHARLIE+LOLA RED HOT WATER BOTTLE ,432,1977.79,165,34,2.618181818181818
"CHARLIE+LOLA""EXTREMELY BUSY"" SIGN",683,428.0,105,62,6.504761904761905
CHARLOTTE BAG ALPHABET  DESIGN,400,320.5,22,22,18.181818181818183
CHARLOTTE BAG APPLES DESIGN,7976,7741.94,583,199,13.680960548885077
CHARLOTTE BAG DOLLY GIRL DESIGN,5214,4231.95,415,172,12.563855421686746
CHARLOTTE BAG PINK POLKADOT,9719,11420.289999999999,742,220,13.098382749326145
CHARLOTTE BAG SUKI DESIGN,18152,29277.95,882,249,20.58049886621315
CHARLOTTE BAG VINTAGE ALPHABET ,5459,5407.58,445,192,12.26741573033708
CHERRY BLOSSOM  DECORATIVE FLASK,380,1576.96,126,79,3.015873015873016
CHERRY BLOSSOM CANVAS ART PICTURE,41,97.95,6,5,6.833333333333333
CHERRY BLOSSOM DECORATIVE FLASK,195,785.95,69,48,2.8260869565217392
CHERRY BLOSSOM LUGGAGE TAG,73,95.17999999999999,33,5,2.212121212121212
CHERRY BLOSSOM PASSPORT COVER,194,243.53,71,19,2.732394366197183
CHERRY BLOSSOM PURSE,20,49.69,16,1,1.25
CHERRY BLOSSOM TABLE CLOCK ,8,29.599999999999998,4,3,2.0
CHERRY CROCHET FOOD COVER,264,1004.39,104,58,2.5384615384615383
CHERUB HEART DECORATION GOLD,738,649.02,71,44,10.394366197183098
CHERUB HEART DECORATION SILVER ,1356,1177.0,88,46,15.409090909090908
CHEST 7 DRAWER MA CAMPAGNE,36,895.38,26,21,1.3846153846153846
CHEST NATURAL WOOD 20 DRAWERS,24,2745.0,13,13,1.8461538461538463
CHEST OF DRAWERS GINGHAM HEART ,163,2851.3599999999997,91,63,1.7912087912087913
CHICK GREY HOT WATER BOTTLE,1881,8535.52,402,205,4.67910447761194
CHILDREN'S APRON DOLLY GIRL ,2070,4328.530000000001,313,190,6.613418530351438
CHILDREN'S CIRCUS PARADE MUG,1261,2145.91,144,81,8.756944444444445
CHILDREN'S SPACEBOY MUG,1774,3032.99,227,137,7.814977973568282
CHILDRENS APRON APPLES DESIGN,2426,5174.32,365,201,6.646575342465753
CHILDRENS APRON SPACEBOY DESIGN,3755,7520.28,550,298,6.827272727272727
CHILDRENS CUTLERY CIRCUS PARADE,1015,4101.37,158,116,6.424050632911392
CHILDRENS CUTLERY DOLLY GIRL ,1674,6782.76,291,197,5.752577319587629
CHILDRENS CUTLERY POLKADOT BLUE,2848,12371.12,289,150,9.854671280276817
CHILDRENS CUTLERY POLKADOT GREEN ,1829,7701.71,246,114,7.434959349593496
CHILDRENS CUTLERY POLKADOT PINK,3953,16874.27,423,208,9.3451536643026
CHILDRENS CUTLERY RETROSPOT RED ,2907,12604.23,317,157,9.170347003154575
CHILDRENS CUTLERY SPACEBOY ,2079,8525.970000000001,360,225,5.775
CHILDRENS DOLLY GIRL MUG,1607,2744.5399999999995,204,126,7.877450980392157
CHILDRENS GARDEN GLOVES BLUE,642,883.1999999999999,81,55,7.925925925925926
CHILDRENS GARDEN GLOVES PINK,489,648.97,74,42,6.608108108108108
CHILDRENS SPACEBOY MUG,24,39.599999999999994,2,2,12.0
CHILDRENS TOY COOKING UTENSIL SET,750,1642.13,168,95,4.464285714285714
CHILDS BREAKFAST SET CIRCUS PARADE,595,5009.56,198,141,3.005050505050505
CHILDS BREAKFAST SET DOLLY GIRL ,682,6422.28,194,143,3.515463917525773
CHILDS BREAKFAST SET SPACEBOY ,766,7191.15,222,155,3.4504504504504503
CHILDS GARDEN BRUSH BLUE,363,783.5400000000001,81,44,4.481481481481482
CHILDS GARDEN BRUSH PINK,411,906.7500000000001,88,53,4.670454545454546
CHILDS GARDEN FORK BLUE ,932,774.29,128,100,7.28125
CHILDS GARDEN FORK PINK,865,751.66,135,98,6.407407407407407
CHILDS GARDEN RAKE BLUE,207,496.99,62,35,3.338709677419355
CHILDS GARDEN RAKE PINK,206,462.33000000000004,69,48,2.9855072463768115
CHILDS GARDEN SPADE BLUE,303,706.5500000000001,99,61,3.0606060606060606
CHILDS GARDEN SPADE PINK,266,608.95,84,53,3.1666666666666665
CHILDS GARDEN TROWEL BLUE ,719,622.0999999999999,113,88,6.3628318584070795
CHILDS GARDEN TROWEL PINK,618,533.16,104,81,5.9423076923076925
CHILLI LIGHTS,10306,54117.76,661,205,15.591527987897125
CHINESE DRAGON PAPER LANTERNS,5556,2136.34,97,54,57.27835051546392
CHOC TRUFFLE GOLD TRINKET POT ,412,645.2199999999999,70,32,5.885714285714286
CHOCOLATE 1 WICK MORRIS BOX CANDLE,370,617.9,50,40,7.4
CHOCOLATE 3 WICK MORRIS BOX CANDLE,621,1066.82,71,38,8.746478873239436
CHOCOLATE BOX RIBBONS ,1728,2284.36,309,161,5.592233009708738
CHOCOLATE CALCULATOR,960,1799.9999999999998,198,83,4.848484848484849
CHOCOLATE HOT WATER BOTTLE,6025,32866.18,858,382,7.022144522144522
CHOCOLATE THIS WAY METAL SIGN,3773,7756.420000000001,468,220,8.061965811965813
CHRISTMAS CARD SCREEN PRINT ,1238,304.5,64,40,19.34375
CHRISTMAS CARD SINGING ANGEL,411,173.37,39,24,10.538461538461538
CHRISTMAS CARD STACK OF PRESENTS,816,196.44,36,35,22.666666666666668
CHRISTMAS CRAFT HEART STOCKING ,30,63.0,1,1,30.0
CHRISTMAS CRAFT LITTLE FRIENDS,4082,9681.18,544,319,7.5036764705882355
CHRISTMAS CRAFT TREE TOP ANGEL,2796,6474.290000000001,457,256,6.1181619256017505
CHRISTMAS CRAFT WHITE FAIRY ,3250,4950.54,377,259,8.620689655172415
CHRISTMAS DECOUPAGE CANDLE,1845,821.98,76,51,24.276315789473685
"CHRISTMAS GARLAND STARS,TREES",181,641.58,48,21,3.7708333333333335
CHRISTMAS GINGHAM HEART,649,605.8,54,29,12.018518518518519
CHRISTMAS GINGHAM STAR,2265,2087.3399999999997,198,106,11.43939393939394
CHRISTMAS GINGHAM TREE,2006,1905.7699999999998,196,93,10.23469387755102
CHRISTMAS HANGING HEART WITH BELL,234,311.34999999999997,26,16,9.0
CHRISTMAS HANGING SNOWFLAKE,490,430.86,48,39,10.208333333333334
CHRISTMAS HANGING STAR WITH BELL,5945,3022.79,252,129,23.591269841269842
CHRISTMAS HANGING TREE WITH BELL,1966,1119.56,117,72,16.803418803418804
CHRISTMAS LIGHTS 10 REINDEER,1672,13812.92,311,205,5.37620578778135
CHRISTMAS LIGHTS 10 SANTAS ,609,4469.04,152,111,4.006578947368421
CHRISTMAS LIGHTS 10 VINTAGE BAUBLES,1361,6785.17,209,128,6.511961722488039
CHRISTMAS METAL POSTCARD WITH BELLS,3375,1843.64,111,50,30.405405405405407
CHRISTMAS METAL TAGS ASSORTED ,3003,3019.12,172,118,17.459302325581394
CHRISTMAS MUSICAL ZINC HEART ,58,67.89999999999999,10,5,5.8
CHRISTMAS MUSICAL ZINC STAR,1953,967.7599999999999,123,58,15.878048780487806
CHRISTMAS MUSICAL ZINC TREE,994,447.35999999999996,95,42,10.463157894736842
CHRISTMAS PUDDING TRINKET POT ,6751,3470.83,241,132,28.012448132780083
CHRISTMAS RETROSPOT ANGEL WOOD,2482,2222.3799999999997,200,121,12.41
CHRISTMAS RETROSPOT HEART WOOD,139,137.59,27,10,5.148148148148148
CHRISTMAS RETROSPOT STAR WOOD,1700,1544.9299999999998,193,120,8.808290155440414
CHRISTMAS RETROSPOT TREE WOOD,1389,1237.08,171,111,8.12280701754386
CHRISTMAS STAR WISH LIST CHALKBOARD,3502,4142.92,262,196,13.366412213740459
CHRISTMAS TABLE CANDLE SILVER SPIKE,16,13.28,1,1,16.0
CHRISTMAS TABLE SILVER CANDLE SPIKE,1718,1486.1,103,68,16.679611650485437
CHRISTMAS TOILET ROLL,3731,5093.76,248,115,15.044354838709678
CHRISTMAS TREE DECORATION WITH BELL,1251,530.26,125,22,10.008
CHRISTMAS TREE HANGING GOLD,799,718.53,75,49,10.653333333333334
CHRISTMAS TREE HANGING SILVER ,803,751.8499999999999,88,51,9.125
CHRISTMAS TREE HEART DECORATION,2125,920.4,180,45,11.805555555555555
CHRISTMAS TREE PAINTED ZINC ,2468,683.3100000000001,83,44,29.734939759036145
CHRISTMAS TREE STAR DECORATION,2390,1031.56,198,46,12.070707070707071
CHRISTMAS TREE T-LIGHT HOLDER,34,49.3,7,6,4.857142857142857
CHRYSANTHEMUM  JOURNAL,103,269.68,40,21,2.575
CHRYSANTHEMUM NOTEBOOK,169,282.48999999999995,80,32,2.1125
CHRYSANTHEMUM POCKET BOOK ,64,54.4,20,17,3.2
CHRYSANTHEMUM SKETCHBOOK ,104,423.55,59,45,1.7627118644067796
CHUNKY CRACKED GLAZE NECKLACE IVORY,4,43.510000000000005,4,0,1.0
CHUNKY SILVER NECKLACE PASTEL FLOWE,32,324.01,23,10,1.391304347826087
CINAMMON & ORANGE WREATH,104,672.88,34,27,3.0588235294117645
CINAMMON SET OF 9 T-LIGHTS,871,782.5,154,74,5.6558441558441555
CINDERELLA CHANDELIER ,221,3717.56,23,20,9.608695652173912
CINNAMON SCENTED VOTIVE CANDLE,1288,333.2,39,30,33.02564102564103
CIRCUS PARADE BABY GIFT SET,316,4896.549999999999,111,73,2.8468468468468466
CIRCUS PARADE CHILDRENS EGG CUP ,1091,1420.26,143,77,7.629370629370629
CIRCUS PARADE LUNCH BOX ,3681,7207.37,396,168,9.295454545454545
CITRONELLA CANDLE FLOWERPOT,795,1836.64,157,103,5.063694267515924
CITRONELLA CANDLE GARDEN POT,1657,3018.15,225,106,7.364444444444445
CITRUS GARLAND FELT FLOWERS ,60,117.0,14,14,4.285714285714286
CLAM SHELL LARGE,5,18.75,4,4,1.25
CLAM SHELL SMALL ,223,454.42,46,25,4.8478260869565215
CLASSIC BICYCLE CLIPS ,1644,2378.4799999999996,99,77,16.606060606060606
CLASSIC CAFE SUGAR DISPENSER,3076,4312.6,325,132,9.464615384615385
CLASSIC CHROME BICYCLE BELL ,2501,3582.97,193,149,12.958549222797927
CLASSIC CROME BICYCLE BELL ,60,77.4,2,2,30.0
CLASSIC DIAMANTE EARRINGS JET,14,40.900000000000006,9,1,1.5555555555555556
CLASSIC DIAMANTE NECKLACE JET,3,22.48,2,1,1.5
CLASSIC FRENCH STYLE BASKET BROWN,304,1296.6100000000001,74,57,4.108108108108108
CLASSIC FRENCH STYLE BASKET GREEN ,344,1497.72,76,58,4.526315789473684
CLASSIC FRENCH STYLE BASKET NATURAL,522,2213.42,106,79,4.9245283018867925
CLASSIC GLASS COOKIE JAR,1439,6191.6900000000005,300,191,4.796666666666667
CLASSIC GLASS SWEET JAR,119,479.45000000000005,14,14,8.5
CLASSIC METAL BIRDCAGE PLANT HOLDER,978,11338.27,290,179,3.372413793103448
CLASSIC SUGAR DISPENSER,216,247.32,12,12,18.0
CLASSIC WHITE FRAME,56,168.16000000000003,16,15,3.5
CLASSICAL ROSE CANDLESTAND,194,162.20000000000002,12,6,16.166666666666668
CLASSICAL ROSE SMALL VASE,142,247.04,13,10,10.923076923076923
CLASSICAL ROSE TABLE LAMP,6,55.7,2,2,3.0
CLEAR ACRYLIC FACETED BANGLE,41,61.56,7,6,5.857142857142857
CLEAR CRYSTAL STAR PHONE CHARM,52,28.569999999999997,10,5,5.2
CLEAR DRAWER KNOB ACRYLIC EDWARDIAN,6635,9050.44,441,168,15.045351473922903
CLEAR LOVE BIRD T-LIGHT HOLDER,92,264.46999999999997,26,6,3.5384615384615383
CLEAR MILKSHAKE GLASS,36,75.60000000000001,5,5,7.2
CLEAR STATIONERY BOX SET ,84,69.89999999999999,17,1,4.9411764705882355
CLOCK MAGNET MUM'S KITCHEN,324,930.48,53,36,6.113207547169812
CLOTHES PEGS RETROSPOT PACK 24 ,8689,13346.039999999999,772,363,11.255181347150259
COCKLE SHELL DISH,340,629.8000000000001,68,24,5.0
COCKTAIL SWORDS 50 PIECES,936,760.4,95,64,9.852631578947369
COLOUR GLASS T-LIGHT HOLDER HANGING,16449,10518.25,621,318,26.48792270531401
COLOUR GLASS. STAR T-LIGHT HOLDER,5737,17073.65,264,145,21.731060606060606
COLOURED GLASS STAR T-LIGHT HOLDER,1013,3584.9100000000003,52,31,19.48076923076923
COLOURFUL FLOWER FRUIT BOWL,17,52.2,12,11,1.4166666666666667
COLOURING PENCILS BROWN TUBE,5098,3751.61,331,166,15.401812688821753
COLUMBIAN  CUBE CANDLE ,105,58.62,11,6,9.545454545454545
COLUMBIAN CANDLE RECTANGLE,182,301.85999999999996,29,22,6.275862068965517
COLUMBIAN CANDLE ROUND,412,285.39,51,37,8.07843137254902
COLUMBIAN CANDLE ROUND ,169,210.61,30,25,5.633333333333334
COLUMBIAN CUBE CANDLE,28,54.599999999999994,12,9,2.3333333333333335
CONDIMENT TRAY 4 BOWLS AND 4 SPOONS,37,399.02,26,9,1.4230769230769231
CONGRATULATIONS BUNTING,13,70.85000000000001,3,3,4.333333333333333
COOK WITH WINE METAL SIGN ,10364,20957.64,723,287,14.334716459197788
COOKING SET RETROSPOT,69,671.53,28,23,2.4642857142857144
COPPER AND BRASS BAG CHARM,4,24.810000000000002,2,2,2.0
COPPER/OLIVE GREEN FLOWER NECKLACE,21,129.85,14,4,1.5
CORDIAL GLASS JUG,35,297.13,16,13,2.1875
CORDIAL JUG,6,49.5,2,2,3.0
CORONA MEXICAN TRAY,172,719.69,38,16,4.526315789473684
COSMETIC BAG VINTAGE ROSE PAISLEY,417,897.74,100,54,4.17
COSY HOUR CIGAR BOX MATCHES ,1378,2001.1399999999999,146,114,9.438356164383562
COSY HOUR GIANT TUBE MATCHES,197,480.75,26,25,7.576923076923077
COSY SLIPPER SHOES LARGE GREEN,147,480.1700000000001,40,27,3.675
COSY SLIPPER SHOES SMALL  RED ,48,150.48000000000002,21,17,2.2857142857142856
COSY SLIPPER SHOES SMALL GREEN,256,708.98,111,38,2.3063063063063063
COTE D'AZURE NECKLACE,6,29.790000000000003,5,2,1.2
COTTON APRON PANTRY DESIGN,638,2942.1800000000003,164,117,3.8902439024390243
COUNTRY COTTAGE  DOORSTOP GREEN,1,8.47,1,0,1.0
COWBOYS AND INDIANS BIRTHDAY CARD ,3741,1572.28,274,142,13.653284671532846
CRACKED GLAZE EARRINGS BROWN,5,12.53,5,1,1.0
CRACKED GLAZE EARRINGS IVORY,4,9.99,4,0,1.0
CRACKED GLAZE EARRINGS RED,9,22.58,9,1,1.0
CRACKED GLAZE NECKLACE BROWN,2,14.14,2,0,1.0
CRACKED GLAZE NECKLACE IVORY,8,55.72,4,2,2.0
CRACKED GLAZE NECKLACE RED,10,70.16,7,3,1.4285714285714286
CRAZY DAISY HEART DECORATION,464,468.39,149,20,3.1140939597315436
CREAM AND PINK FLOWERS PONY ,11,41.25,5,5,2.2
CREAM BUNNY EASTER EGG BASKET,25,41.24999999999999,3,3,8.333333333333334
CREAM CLIMBING HYDRANGA ART FLOWER,32,60.0,4,3,8.0
CREAM CUPID HEARTS COAT HANGER,2016,7657.320000000001,284,133,7.098591549295775
CREAM DELPHINIUM ARTIFICIAL FLOWER,70,180.58,8,8,8.75
CREAM FELT EASTER EGG BASKET,976,1572.2299999999998,114,99,8.56140350877193
CREAM HANGING HEART T-LIGHT HOLDER,61,178.51000000000002,9,7,6.777777777777778
CREAM HEART CARD HOLDER,8291,23463.47,524,274,15.822519083969466
CREAM SLICE FLANNEL CHOCOLATE SPOT ,237,702.51,53,30,4.471698113207547
CREAM SLICE FLANNEL PINK SPOT ,904,2501.56,97,48,9.31958762886598
CREAM SWEETHEART EGG HOLDER,767,3708.52,161,123,4.763975155279503
CREAM SWEETHEART LETTER RACK,215,976.25,30,20,7.166666666666667
CREAM SWEETHEART MINI CHEST,1793,22708.95,519,289,3.4547206165703277
CREAM SWEETHEART WALL CABINET,7,126.64999999999999,5,5,1.4
CREAM WALL PLANTER HEART SHAPED,434,2588.7000000000003,158,121,2.7468354430379747
CROCHET BEAR RED/BLUE  KEYRING,22,36.3,4,3,5.5
CROCHET DOG KEYRING,13,21.449999999999996,2,1,6.5
CROCHET LILAC/RED BEAR KEYRING,1,1.65,1,1,1.0
CROCHET ROSE DES CLOTHES HANGER,5,14.750000000000002,1,1,5.0
CROCHET ROSE PURSE WITH SUEDE BACK,76,241.24000000000004,22,15,3.4545454545454546
CROCHET WHITE RABBIT KEYRING ,38,69.38,7,3,5.428571428571429
CRYSTAL CHANDELIER T-LIGHT HOLDER,3,18.75,1,1,3.0
CRYSTAL CZECH CROSS PHONE CHARM,25,23.47,9,2,2.7777777777777777
CRYSTAL DIAMANTE EXPANDABLE RING,35,148.63,11,7,3.1818181818181817
CRYSTAL DIAMANTE STAR BROOCH,46,229.68,31,6,1.4838709677419355
CRYSTAL FROG PHONE CHARM,102,77.78999999999999,28,5,3.642857142857143
CRYSTAL HOOP EARRING FLORAL LEAF,22,64.58,15,6,1.4666666666666666
CRYSTAL PAIR HEART HAIR SLIDES,30,112.26,16,7,1.875
CRYSTAL SEA HORSE PHONE CHARM,107,61.459999999999994,25,4,4.28
CRYSTAL STILETTO PHONE CHARM,34,36.76,10,2,3.4
CRYSTAL STUD EARRINGS ASSORTED COL ,612,232.56,15,15,40.8
CRYSTAL STUD EARRINGS CLEAR DISPLAY,324,123.12,7,7,46.285714285714285
CUBIC MUG FLOCK BLUE ON BROWN,131,78.09,21,16,6.238095238095238
CUBIC MUG FLOCK PINK ON BROWN,175,146.91,32,15,5.46875
CUBIC MUG PINK POLKADOT,506,354.03,47,30,10.76595744680851
CUPBOARD 3 DRAWER MA CAMPAGNE,171,2786.0299999999997,112,74,1.5267857142857142
CUPCAKE LACE PAPER SET 6,2367,4488.63,186,160,12.725806451612904
CUPID DESIGN SCENTED CANDLES,225,509.07,43,28,5.232558139534884
CUPID SCENTED CANDLE IN GLASS,11,18.15,4,4,2.75
CURIO CABINET LINEN AND LACE ,36,290.1,18,16,2.0
CURIOUS  IMAGES NOTEBOOK SET,182,270.72,11,9,16.545454545454547
CURIOUS IMAGES GIFT WRAP SET,685,719.84,140,72,4.892857142857143
CURIOUS IMAGES SCRAP BOOK SET,3,14.850000000000001,1,1,3.0
CUSHION COVER PINK UNION JACK,123,764.63,47,31,2.617021276595745
CUT GLASS HEXAGON T-LIGHT HOLDER,651,1147.4099999999999,20,9,32.55
CUT GLASS T-LIGHT HOLDER OCTAGON,251,546.49,27,21,9.296296296296296
CUTE BIRD CEATURE SCREEN,22,8.58,2,2,11.0
CUTE CATS TAPE,1102,383.11,79,37,13.949367088607595
CUTE RABBIT CEATURE SCREEN ,11,4.29,2,2,5.5
DAIRY MAID  PUDDING BOWL,5,18.75,2,2,2.5
DAIRY MAID LARGE MILK JUG,376,1908.88,155,94,2.425806451612903
DAIRY MAID STRIPE MUG,1907,1721.0900000000001,82,63,23.25609756097561
DAIRY MAID TOASTRACK,777,769.57,104,64,7.471153846153846
DAIRY MAID TRADITIONAL TEAPOT ,218,1578.42,111,62,1.9639639639639639
DAISIES  HONEYCOMB GARLAND ,499,868.4399999999999,85,44,5.870588235294117
DAISY FOLKART HEART DECORATION,96,120.0,16,14,6.0
DAISY GARDEN MARKER,1139,1658.57,98,48,11.622448979591837
DAISY HAIR BAND,85,140.32999999999998,37,6,2.2972972972972974
DAISY HAIR COMB,19,47.839999999999996,11,1,1.7272727272727273
DAISY JOURNAL ,80,217.55999999999997,34,21,2.3529411764705883
DAISY NOTEBOOK ,135,235.18999999999997,63,19,2.142857142857143
DAISY SKETCHBOOK ,73,205.04,27,24,2.7037037037037037
DANISH ROSE BEDSIDE CABINET,13,519.35,10,10,1.3
DANISH ROSE DECORATIVE PLATE,951,710.64,55,48,17.29090909090909
DANISH ROSE DELUXE COASTER,947,417.34999999999997,40,35,23.675
DANISH ROSE FOLDING CHAIR,112,890.4000000000001,25,25,4.48
DANISH ROSE PHOTO FRAME,1424,1461.6,99,79,14.383838383838384
DANISH ROSE ROUND SEWING BOX,811,951.79,62,56,13.080645161290322
DANISH ROSE TRINKET TRAYS,261,484.63,31,31,8.419354838709678
DANISH ROSE UMBRELLA STAND,2,31.9,2,2,1.0
DARK BIRD HOUSE TREE DECORATION,1485,590.13,142,59,10.45774647887324
DECORATION  BUTTERFLY  MAGIC GARDEN,821,732.65,147,57,5.585034013605442
DECORATION  PINK CHICK MAGIC GARDEN,594,525.9399999999999,109,43,5.4495412844036695
"DECORATION , WOBBLY CHICKEN, METAL ",236,401.0199999999999,35,27,6.742857142857143
"DECORATION , WOBBLY RABBIT , METAL ",319,560.93,48,30,6.645833333333333
"DECORATION HEN ON NEST, HANGING",42,74.42999999999999,6,3,7.0
DECORATION SITTING BUNNY,1480,349.54,83,32,17.83132530120482
DECORATION WHITE CHICK MAGIC GARDEN,944,826.46,145,73,6.510344827586207
DECORATION WOBBLY CHICKEN,560,319.14,45,25,12.444444444444445
DECORATION WOBBLY RABBIT METAL ,830,504.46,67,35,12.388059701492537
DECORATIVE CATS BATHROOM BOTTLE,1095,1152.4,186,39,5.887096774193548
DECORATIVE FLORE BATHROOM BOTTLE,515,716.86,139,34,3.7050359712230216
DECORATIVE HANGING SHELVING UNIT,6,359.70000000000005,5,5,1.2
DECORATIVE PLANT POT WITH FRIEZE,73,584.37,28,23,2.607142857142857
DECORATIVE ROSE BATHROOM BOTTLE,1170,1154.17,163,50,7.177914110429448
DECORATIVE WICKER HEART LARGE,1778,3056.3399999999997,233,168,7.630901287553648
DECORATIVE WICKER HEART MEDIUM,1804,2299.47,216,158,8.351851851851851
DECORATIVE WICKER HEART SMALL,1596,1062.28,109,67,14.642201834862385
"DECOUPAGE,GREETING CARD,",357,158.63,32,17,11.15625
DELUXE SEWING KIT ,1412,9898.95,328,157,4.304878048780488
DENIM PATCH PURSE PINK BUTTERFLY,216,357.28999999999996,61,26,3.540983606557377
DIAMANTE BOW BROOCH BLACK COLOUR,10,64.38,5,4,2.0
DIAMANTE BOW BROOCH GREEN COLOUR,30,193.2,18,8,1.6666666666666667
DIAMANTE BOW BROOCH RED COLOUR,27,171.45,10,8,2.7
DIAMANTE HAIR GRIP PACK/2 BLACK DIA,16,26.52,10,3,1.6
DIAMANTE HAIR GRIP PACK/2 CRYSTAL,45,74.53,27,1,1.6666666666666667
DIAMANTE HAIR GRIP PACK/2 LT ROSE,21,34.69,14,3,1.5
DIAMANTE HAIR GRIP PACK/2 MONTANA,15,24.79,10,3,1.5
DIAMANTE HAIR GRIP PACK/2 PERIDOT,25,41.449999999999996,19,1,1.3157894736842106
DIAMANTE HAIR GRIP PACK/2 RUBY,25,41.37,15,3,1.6666666666666667
"DIAMANTE HEART SHAPED WALL MIRROR, ",415,3328.2,146,27,2.8424657534246576
DIAMANTE NECKLACE,3,23.32,2,1,1.5
DIAMANTE NECKLACE BLACK ,4,30.12,3,1,1.3333333333333333
DIAMANTE NECKLACE GREEN,4,29.98,3,2,1.3333333333333333
DIAMANTE NECKLACE PURPLE,7,52.5,4,4,1.75
DIAMANTE RING ASSORTED IN BOX.,1008,1311.3600000000001,22,21,45.81818181818182
DIAMOND LAS VEGAS NECKLACE 45CM,12,70.97,8,3,1.5
DINOSAUR HEIGHT CHART STICKER SET,182,568.98,46,32,3.9565217391304346
DINOSAUR KEYRINGS ASSORTED,6873,1483.4199999999998,177,104,38.83050847457627
DINOSAUR LUNCH BOX WITH CUTLERY,1281,3127.38,213,116,6.014084507042254
DINOSAUR PARTY BAG + STICKER SET,707,1160.7099999999998,101,77,7.0
DINOSAURS  WRITING SET ,944,1728.6399999999999,287,120,3.289198606271777
DISCO BALL CHRISTMAS DECORATION,12979,1512.92,215,111,60.367441860465114
DISCO BALL ROTATOR BATTERY OPERATED,249,1055.25,105,57,2.3714285714285714
DO NOT TOUCH MY STUFF DOOR HANGER ,1201,684.62,127,86,9.456692913385826
DOCTOR'S BAG SOFT TOY,184,1765.3999999999999,72,46,2.5555555555555554
DOG AND BALL WALL ART,252,425.87999999999994,4,3,63.0
DOG BOWL CHASING BALL DESIGN,1368,5389.0199999999995,131,85,10.442748091603054
DOG BOWL VINTAGE CREAM,390,1757.8799999999999,125,83,3.12
DOG LICENCE WALL ART,408,2081.64,29,28,14.068965517241379
DOG TOY WITH PINK CROCHET SKIRT,189,717.21,90,60,2.1
DOGGY RUBBER,193,40.53,29,25,6.655172413793103
DOILEY BISCUIT TIN,120,327.6,13,13,9.23076923076923
DOILEY STORAGE TIN,1094,3004.46,122,93,8.967213114754099
DOILY THANK YOU CARD,765,323.32,57,41,13.421052631578947
DOLLCRAFT BOY JEAN-PAUL ,82,373.9,12,12,6.833333333333333
DOLLCRAFT GIRL AMELIE,36,178.2,8,8,4.5
DOLLCRAFT GIRL AMELIE KIT,66,294.7,8,8,8.25
DOLLCRAFT GIRL NICOLE,68,336.6,12,12,5.666666666666667
DOLLY CABINET 2 DRAWERS ,33,412.5,19,19,1.736842105263158
DOLLY CABINET 3 DRAWERS ,51,762.4499999999999,30,30,1.7
DOLLY GIRL BABY GIFT SET,435,6753.509999999999,133,99,3.2706766917293235
DOLLY GIRL CHILDRENS BOWL,1622,2013.7,191,111,8.492146596858639
DOLLY GIRL CHILDRENS CUP,1635,2060.28,195,104,8.384615384615385
DOLLY GIRL CHILDRENS EGG CUP,951,1253.86,135,98,7.044444444444444
DOLLY GIRL LUNCH BOX,11793,21635.14,850,287,13.874117647058824
DOLLY GIRL MINI BACKPACK,743,3008.9900000000002,161,116,4.614906832298137
DOLLY GIRL MINI RUCKSACK,8,33.2,2,2,4.0
DOLLY GIRL WALL ART,318,1055.94,11,10,28.90909090909091
DOLLY HONEYCOMB GARLAND,475,487.11,25,20,19.0
DOLLY MIXTURE CHILDREN'S UMBRELLA,270,932.42,77,51,3.5064935064935066
DOLPHIN WINDMILL,1,2.12,1,1,1.0
DONKEY TAIL GAME ,54,189.54000000000002,4,4,13.5
DOOR HANGER  MUM + DADS ROOM,205,330.71999999999997,66,45,3.106060606060606
DOORKNOB CERAMIC IVORY,36,52.199999999999996,1,1,36.0
DOORKNOB CRACKED GLAZE BLUE,162,238.49999999999997,3,3,54.0
DOORKNOB CRACKED GLAZE GREEN,12,19.799999999999997,2,2,6.0
DOORKNOB CRACKED GLAZE IVORY,180,268.2,5,5,36.0
DOORKNOB CRACKED GLAZE PINK,12,19.799999999999997,2,2,6.0
DOORMAT 3 SMILEY CATS,1175,7732.929999999999,233,111,5.042918454935623
DOORMAT AIRMAIL ,800,6034.9,220,104,3.6363636363636362
DOORMAT BLACK FLOCK ,1817,10278.06,195,105,9.317948717948719
DOORMAT CHRISTMAS VILLAGE,590,3354.22,52,30,11.346153846153847
DOORMAT ENGLISH ROSE ,2038,14324.0,407,227,5.007371007371007
DOORMAT FAIRY CAKE,3617,23888.81,365,143,9.90958904109589
DOORMAT FANCY FONT HOME SWEET HOME,3246,21601.69,502,203,6.46613545816733
DOORMAT FRIENDSHIP ,27,451.10999999999996,17,0,1.588235294117647
DOORMAT HEARTS,3419,22138.57,592,286,5.775337837837838
DOORMAT HOME SWEET HOME BLUE ,1621,9959.6,285,198,5.687719298245614
DOORMAT I LOVE LONDON,364,2678.96,102,56,3.5686274509803924
DOORMAT KEEP CALM AND COME IN,5491,38166.64,728,378,7.542582417582418
DOORMAT MERRY CHRISTMAS RED ,673,5176.25,146,94,4.609589041095891
DOORMAT MULTICOLOUR STRIPE,1492,9088.63,201,88,7.422885572139304
DOORMAT NEIGHBOURHOOD WITCH ,279,2038.39,95,37,2.9368421052631577
DOORMAT NEW ENGLAND,3830,24292.84,600,314,6.383333333333334
DOORMAT PEACE ON EARTH BLUE,705,3519.6600000000003,32,26,22.03125
DOORMAT RED RETROSPOT,4092,28082.54,696,329,5.879310344827586
DOORMAT RESPECTABLE HOUSE,790,5762.28,179,83,4.41340782122905
DOORMAT SPOTTY HOME SWEET HOME,1757,13612.41,480,251,3.660416666666667
DOORMAT TOPIARY,904,6009.84,205,125,4.409756097560976
DOORMAT UNION FLAG,3762,25609.6,616,313,6.107142857142857
DOORMAT UNION JACK GUNS AND ROSES,1230,7597.02,206,108,5.970873786407767
DOORMAT VINTAGE LEAF,564,4122.2,142,100,3.971830985915493
DOORMAT VINTAGE LEAVES DESIGN ,430,2881.18,91,75,4.725274725274725
DOORMAT WELCOME PUPPIES,2065,12114.97,287,163,7.195121951219512
DOORMAT WELCOME SUNRISE,372,2686.7200000000003,120,65,3.1
DOORMAT WELCOME TO OUR HOME,1524,11555.56,443,231,3.440180586907449
DOORSTOP FOOTBALL DESIGN,153,543.65,67,37,2.283582089552239
DOORSTOP RACING CAR DESIGN,123,273.46,37,28,3.324324324324324
DOORSTOP RETROSPOT HEART,1599,6544.63,296,177,5.402027027027027
DOTCOMGIFTSHOP TEA TOWEL,13,23.089999999999996,2,1,6.5
DOUBLE CERAMIC PARLOUR HOOK,22,91.30000000000001,5,5,4.4
DOUGHNUT LIP GLOSS ,10415,13720.77,344,217,30.276162790697676
DOVE DECORATION PAINTED ZINC ,2383,754.4100000000001,79,47,30.164556962025316
DRAGONS BLOOD INCENSE,423,104.44,39,12,10.846153846153847
DRAWER KNOB CERAMIC BLACK,991,1466.07,88,57,11.261363636363637
DRAWER KNOB CERAMIC IVORY,2173,3173.89,190,110,11.436842105263159
DRAWER KNOB CERAMIC RED,720,1067.6,74,42,9.72972972972973
DRAWER KNOB CRACKLE GLAZE BLUE,1213,2148.5299999999997,134,87,9.052238805970148
DRAWER KNOB CRACKLE GLAZE GREEN,1340,2284.12,154,97,8.7012987012987
DRAWER KNOB CRACKLE GLAZE IVORY,2162,3608.5799999999995,194,115,11.144329896907216
DRAWER KNOB CRACKLE GLAZE PINK,1284,2162.2,153,93,8.392156862745098
DRAWER KNOB VINTAGE GLASS BALL,350,760.8000000000001,54,40,6.481481481481482
DRAWER KNOB VINTAGE GLASS HEXAGON,295,627.95,30,26,9.833333333333334
DRAWER KNOB VINTAGE GLASS STAR,557,1201.04,62,43,8.983870967741936
DROP DIAMANTE EARRINGS BLACK DIAMON,14,41.010000000000005,7,2,2.0
DROP DIAMANTE EARRINGS CRYSTAL,26,76.23,14,3,1.8571428571428572
DROP DIAMANTE EARRINGS GREEN,14,41.080000000000005,9,1,1.5555555555555556
DROP DIAMANTE EARRINGS PURPLE,25,73.53,14,5,1.7857142857142858
DROP EARRINGS W FLOWER & LEAF,10,25.13,7,2,1.4285714285714286
DUSTY PINK CHRISTMAS TREE 30CM,1,1.25,1,1,1.0
DUSTY PINK CHRISTMAS TREE 60CM,9,26.550000000000004,2,2,4.5
Dad's Cab Electronic Meter,2,16.94,2,0,1.0
Dotcomgiftshop Gift Voucher £10.00,9,74.97,8,0,1.125
Dotcomgiftshop Gift Voucher £100.00,1,83.33,1,0,1.0
Dotcomgiftshop Gift Voucher £20.00,10,167.05,9,0,1.1111111111111112
Dotcomgiftshop Gift Voucher £30.00,7,175.53,7,0,1.0
Dotcomgiftshop Gift Voucher £40.00,3,100.69999999999999,3,0,1.0
Dotcomgiftshop Gift Voucher £50.00,4,167.56,4,0,1.0
Dr. Jam's Arouzer Stress Ball,2,8.34,2,0,1.0
EASTER BUNNY GARLAND OF FLOWERS,615,293.8,79,35,7.784810126582278
EASTER BUNNY HANGING GARLAND,68,133.23,23,9,2.9565217391304346
EASTER BUNNY WITH BASKET ON BACK,108,72.63,20,13,5.4
EASTER BUNNY WREATH,28,138.6,10,10,2.8
EASTER CRAFT 4 CHICKS ,1939,3929.15,186,148,10.424731182795698
EASTER CRAFT IVY WREATH WITH CHICK,1,1.95,1,1,1.0
EASTER DECORATION EGG BUNNY ,836,673.17,83,67,10.072289156626505
EASTER DECORATION HANGING BUNNY,1888,596.5,92,69,20.52173913043478
EASTER DECORATION NATURAL CHICK,540,366.15000000000003,64,42,8.4375
EASTER DECORATION SITTING BUNNY,531,454.5,75,44,7.08
EASTER TIN BUCKET,408,946.93,41,34,9.951219512195122
EASTER TIN BUNNY BOUQUET,1209,2012.9699999999998,158,111,7.651898734177215
EASTER TIN CHICKS IN GARDEN,305,522.93,50,36,6.1
EASTER TIN CHICKS PINK DAISY,598,1032.62,107,82,5.588785046728972
EASTER TIN KEEPSAKE,1129,1865.7299999999998,136,103,8.301470588235293
EASTER TREE YELLOW BIRDS,132,935.39,63,35,2.0952380952380953
EAU DE NIL LOVE BIRD CANDLE,429,452.86,46,14,9.326086956521738
EAU DE NILE HEART SHAPE PHOTO FRAME,331,558.42,38,20,8.710526315789474
EAU DE NILE JEWELLED PHOTOFRAME,298,525.0,22,18,13.545454545454545
EAU DE NILE JEWELLED T-LIGHT HOLDER,79,70.27,11,9,7.181818181818182
ECONOMY HOLIDAY PURSE,30,41.53,17,4,1.7647058823529411
ECONOMY LUGGAGE TAG,159,248.09,62,18,2.564516129032258
EDWARDIAN DROP EARRINGS JET BLACK,24,90.2,20,4,1.2
EDWARDIAN HEART PHOTO FRAME,160,709.5400000000001,44,29,3.6363636363636362
EDWARDIAN PARASOL BLACK,2931,16915.72,383,142,7.652741514360313
EDWARDIAN PARASOL NATURAL,4081,23761.77,540,184,7.557407407407408
EDWARDIAN PARASOL PINK,811,4779.3,170,87,4.770588235294118
EDWARDIAN PARASOL RED,1710,10021.42,326,141,5.245398773006135
EDWARDIAN PHOTO FRAME,90,568.71,32,27,2.8125
EGG CUP HENRIETTA HEN CREAM ,630,787.52,48,24,13.125
EGG CUP HENRIETTA HEN PINK,211,291.58,37,15,5.702702702702703
EGG CUP MILKMAID HEIDI,883,1159.43,83,44,10.63855421686747
EGG CUP MILKMAID HELGA ,410,586.31,63,28,6.507936507936508
EGG CUP MILKMAID INGRID,644,841.31,76,39,8.473684210526315
EGG CUP NATURAL CHICKEN,933,622.74,125,62,7.464
EGG FRYING PAN BLUE ,175,405.0,76,43,2.3026315789473686
EGG FRYING PAN IVORY ,378,792.86,96,62,3.9375
EGG FRYING PAN MINT ,180,388.75,69,49,2.608695652173913
EGG FRYING PAN PINK ,226,521.33,85,46,2.6588235294117646
EGG FRYING PAN RED ,431,915.4000000000001,109,62,3.9541284403669725
EIGHT PIECE CREEPY CRAWLIE SET,6,7.5,3,3,2.0
EIGHT PIECE DINOSAUR SET,126,186.43,35,16,3.6
EIGHT PIECE SNAKE  SET,333,439.54,84,53,3.9642857142857144
ELEPHANT BIRTHDAY CARD ,1122,479.82,95,63,11.810526315789474
ELEPHANT CARNIVAL POUFFE,63,1299.83,47,14,1.3404255319148937
ELEPHANT CLIP W SUCTION CUP,16,6.72,4,4,4.0
"ELEPHANT, BIRTHDAY CARD, ",2210,945.46,167,95,13.233532934131736
ELVIS WALLHANGING / CURTAIN,52,69.84,8,5,6.5
EMBOSSED GLASS TEALIGHT HOLDER,2559,3289.75,211,118,12.127962085308058
EMBOSSED HEART TRINKET BOX,250,555.59,48,32,5.208333333333333
EMBROIDERED RIBBON REEL CLAIRE,224,792.31,24,18,9.333333333333334
EMBROIDERED RIBBON REEL DAISY ,579,1164.98,71,58,8.154929577464788
EMBROIDERED RIBBON REEL EMILY ,573,1256.17,98,83,5.846938775510204
EMBROIDERED RIBBON REEL RACHEL ,362,983.3000000000001,44,40,8.227272727272727
EMBROIDERED RIBBON REEL REBECCA ,334,996.38,63,50,5.301587301587301
EMBROIDERED RIBBON REEL ROSIE,501,977.3199999999999,57,46,8.789473684210526
EMBROIDERED RIBBON REEL RUBY ,168,604.3,32,30,5.25
EMBROIDERED RIBBON REEL SALLY ,478,977.39,74,57,6.45945945945946
EMBROIDERED RIBBON REEL SOPHIE  ,297,1062.35,42,39,7.071428571428571
EMBROIDERED RIBBON REEL SUSIE ,566,1114.26,70,59,8.085714285714285
EMERGENCY FIRST AID TIN ,1089,1573.52,245,79,4.444897959183673
EMPIRE BIRTHDAY CARD,1218,543.76,146,71,8.342465753424657
EMPIRE DESIGN ROSETTE,4244,3606.4199999999996,28,23,151.57142857142858
EMPIRE GIFT WRAP,3425,1394.5,106,93,32.31132075471698
EMPIRE TISSUE BOX,1991,1033.22,167,97,11.922155688622755
EMPIRE UNION JACK TV DINNER TRAY,881,2844.16,125,61,7.048
ENAMEL BLUE RIM BISCUIT BIN,103,530.49,44,27,2.340909090909091
ENAMEL BLUE RIM TEA CONTAINER,8,9.18,3,3,2.6666666666666665
ENAMEL BOWL PANTRY,24,30.0,2,2,12.0
ENAMEL BREAD BIN CREAM,875,12383.83,454,189,1.9273127753303965
ENAMEL COLANDER CREAM,460,2346.1200000000003,166,110,2.7710843373493974
ENAMEL DINNER PLATE PANTRY,12,19.799999999999997,1,1,12.0
ENAMEL FIRE BUCKET CREAM,246,1854.76,114,75,2.1578947368421053
ENAMEL FLOWER JUG CREAM,2110,12671.060000000001,506,311,4.169960474308301
ENAMEL JUG PANTRY,8,30.0,2,2,4.0
ENAMEL MEASURING JUG CREAM,1272,5549.68,376,227,3.382978723404255
ENAMEL MUG PANTRY,12,15.0,1,1,12.0
ENAMEL PINK TEA CONTAINER,430,526.22,71,37,6.056338028169014
ENAMEL WASH BOWL CREAM,743,2858.96,208,104,3.5721153846153846
ENAMEL WATERING CAN CREAM,622,3266.09,195,131,3.18974358974359
ENCHANTED BIRD COATHANGER 5 HOOK,834,3978.9700000000003,241,125,3.4605809128630707
ENCHANTED BIRD PLANT CAGE,187,644.47,48,33,3.8958333333333335
ENGLISH ROSE GARDEN SECATEURS,2019,2049.45,212,141,9.523584905660377
ENGLISH ROSE HOT WATER BOTTLE,1614,7330.7,375,198,4.304
ENGLISH ROSE METAL WASTE BIN,20,59.0,11,10,1.8181818181818181
ENGLISH ROSE NOTEBOOK A6 SIZE,399,186.56,21,19,19.0
ENGLISH ROSE NOTEBOOK A7 SIZE,3152,1420.96,345,140,9.13623188405797
ENGLISH ROSE SCENTED HANGING FLOWER,549,665.95,114,36,4.815789473684211
ENGLISH ROSE SCENTED HANGING HEART,4,17.0,2,2,2.0
ENGLISH ROSE SMALL SCENTED FLOWER,219,202.53,45,26,4.866666666666666
ENGLISH ROSE SPIRIT LEVEL ,978,964.38,118,68,8.288135593220339
ENVELOPE 50 BLOSSOM IMAGES,1077,600.29,158,65,6.8164556962025316
ENVELOPE 50 CURIOUS IMAGES,50,27.02,10,10,5.0
ENVELOPE 50 ROMANTIC IMAGES,16,13.58,8,2,2.0
ESSENTIAL BALM 3.5g TIN IN ENVELOPE,5884,395.61,30,15,196.13333333333333
ETCHED GLASS COASTER,1618,825.49,71,46,22.788732394366196
ETCHED GLASS STAR TREE DECORATION,1,1.25,1,0,1.0
EUCALYPTUS & PINECONE  WREATH,378,1511.2600000000002,77,35,4.909090909090909
FAIRY CAKE BIRTHDAY CANDLE SET,440,1622.24,92,75,4.782608695652174
FAIRY CAKE DESIGN UMBRELLA,454,1832.42,134,68,3.388059701492537
FAIRY CAKE FLANNEL ASSORTED COLOUR,10253,18069.280000000002,262,160,39.13358778625954
FAIRY CAKE NOTEBOOK A5 SIZE,55,54.04,12,5,4.583333333333333
FAIRY CAKES NOTEBOOK A6 SIZE,1332,850.2,155,80,8.593548387096774
FAIRY CAKES NOTEBOOK A7 SIZE,2107,892.19,179,74,11.77094972067039
FAIRY DREAMS INCENSE ,1264,313.31,101,25,12.514851485148515
FAIRY SOAP SOAP HOLDER,266,478.83,76,41,3.5
FAIRY TALE COTTAGE NIGHT LIGHT,977,1981.29,115,74,8.495652173913044
FAIRY TALE COTTAGE NIGHTLIGHT,2093,3626.45,94,51,22.26595744680851
FAMILY ALBUM WHITE PICTURE FRAME,1198,10354.26,372,165,3.2204301075268815
FAMILY PHOTO FRAME CORNICE,868,8268.539999999999,260,184,3.3384615384615386
FAN BLACK FRAME ,143,41.47,12,11,11.916666666666666
"FANCY FONT BIRTHDAY CARD, ",4958,2101.0099999999998,323,171,15.34984520123839
FANCY FONTS BIRTHDAY WRAP,8600,3430.0,230,177,37.391304347826086
FANNY'S REST STOPMETAL SIGN,508,1217.73,141,67,3.602836879432624
FAUX FUR CHOCOLATE THROW,88,1494.69,49,30,1.7959183673469388
FAWN AND MUSHROOM GREETING CARD,128,62.06,19,8,6.7368421052631575
FAWN BLUE HOT WATER BOTTLE,3313,11466.37,490,253,6.761224489795918
"FEATHER PEN,COAL BLACK",2712,1415.9199999999998,175,71,15.497142857142856
"FEATHER PEN,HOT PINK",3890,2018.78,239,106,16.276150627615063
"FEATHER PEN,LIGHT PINK",2071,1079.34,149,72,13.899328859060402
FELT EGG COSY BLUE RABBIT ,552,577.4399999999999,104,37,5.3076923076923075
FELT EGG COSY CHICKEN,1027,953.8599999999999,137,62,7.4963503649635035
FELT EGG COSY LADYBIRD ,327,196.82,51,14,6.411764705882353
FELT EGG COSY WHITE RABBIT ,585,549.81,107,61,5.4672897196261685
FELT FARM ANIMAL CHICKEN,291,394.15,50,32,5.82
FELT FARM ANIMAL HEN,481,332.84,44,16,10.931818181818182
FELT FARM ANIMAL RABBIT,912,743.89,77,35,11.844155844155845
FELT FARM ANIMAL SHEEP,373,280.42,42,16,8.880952380952381
FELT FARM ANIMAL WHITE BUNNY ,1563,738.68,96,38,16.28125
FELT TOADSTOOL  SMALL,629,602.63,77,33,8.168831168831169
FELT TOADSTOOL LARGE,657,836.8000000000001,61,33,10.770491803278688
FELTCRAFT 6 FLOWER FRIENDS,6078,12373.880000000001,547,337,11.111517367458866
FELTCRAFT BOY JEAN-PAUL KIT,371,1909.51,127,103,2.921259842519685
FELTCRAFT BUTTERFLY HEARTS,6230,8626.939999999999,481,287,12.952182952182952
FELTCRAFT CHRISTMAS FAIRY,1930,7954.0,321,240,6.012461059190031
FELTCRAFT CUSHION BUTTERFLY,2765,10133.33,348,192,7.945402298850575
FELTCRAFT CUSHION OWL,3380,12440.14,470,244,7.191489361702128
FELTCRAFT CUSHION RABBIT,3092,11227.47,386,202,8.010362694300518
FELTCRAFT DOLL EMILY,1347,3974.1300000000006,267,168,5.044943820224719
FELTCRAFT DOLL MARIA,196,564.9200000000001,48,43,4.083333333333333
FELTCRAFT DOLL MOLLY,4514,12016.34,331,211,13.637462235649547
FELTCRAFT DOLL ROSIE,1706,5022.1,301,181,5.667774086378738
FELTCRAFT GIRL AMELIE KIT,1012,5083.89,275,187,3.68
FELTCRAFT GIRL NICOLE KIT,669,3427.3500000000004,182,137,3.6758241758241756
FELTCRAFT HAIRBAND PINK AND BLUE,856,774.55,161,100,5.316770186335404
FELTCRAFT HAIRBAND PINK AND PURPLE,879,794.88,150,94,5.86
FELTCRAFT HAIRBAND RED AND BLUE,921,833.0699999999999,161,103,5.720496894409938
FELTCRAFT HAIRBANDS PINK AND WHITE ,934,873.52,148,85,6.3108108108108105
FELTCRAFT PRINCESS CHARLOTTE DOLL,2375,9264.91,449,275,5.289532293986637
FELTCRAFT PRINCESS LOLA DOLL,2020,7563.08,413,247,4.891041162227603
FELTCRAFT PRINCESS OLIVIA DOLL,1566,5812.72,290,184,5.4
FENG SHUI PILLAR CANDLE,3317,630.23,65,45,51.03076923076923
FILIGREE DIAMANTE CHAIN,1,12.48,1,0,1.0
FILIGREE DIAMANTE EARRINGS,13,55.02,9,2,1.4444444444444444
FILIGREE HEART BIRD WHITE ,1492,1960.0,125,58,11.936
FILIGREE HEART BUTTERFLY WHITE ,1642,2070.06,117,61,14.034188034188034
FILIGREE HEART DAISY WHITE,1247,1596.67,98,56,12.724489795918368
FILIGRIS HEART WITH BUTTERFLY,3906,4851.88,212,120,18.42452830188679
FINE SILVER NECKLACE W PASTEL FLOWE,17,95.35000000000001,7,3,2.4285714285714284
FINE WICKER HEART ,2644,3304.23,237,152,11.156118143459915
FIRE POLISHED GLASS BRACELET BLACK,6,22.48,6,1,1.0
FIRE POLISHED GLASS BRACELET GREEN,21,78.69,9,2,2.3333333333333335
FIRE POLISHED GLASS BRACELET MONTAN,11,41.31,6,1,1.8333333333333333
FIRE POLISHED GLASS BRACELET RED,8,29.96,3,1,2.6666666666666665
FIRE POLISHED GLASS NECKL BRONZE,3,17.85,3,3,1.0
FIRE POLISHED GLASS NECKL GOLD,1,5.95,1,1,1.0
FIRE POLISHED GLASS NECKL GREEN,6,35.160000000000004,6,0,1.0
FIRST AID TIN,1161,3722.23,166,104,6.993975903614458
FIRST CLASS HOLIDAY PURSE ,31,90.42,20,4,1.55
FIRST CLASS LUGGAGE TAG ,152,193.59,49,21,3.1020408163265305
FIRST CLASS PASSPORT COVER ,93,194.94,43,20,2.1627906976744184
FIVE CATS HANGING DECORATION,287,882.6200000000001,89,35,3.2247191011235956
FIVE HEART HANGING DECORATION,462,1541.6200000000001,142,67,3.2535211267605635
FLAG OF ST GEORGE ,23,37.95,7,7,3.2857142857142856
FLAG OF ST GEORGE CAR FLAG,27,12.16,2,1,13.5
FLAG OF ST GEORGE CHAIR,38,185.3,8,6,4.75
FLAMES SUNGLASSES PINK LENSES,52,95.1,8,6,6.5
FLOOR CUSHION ELEPHANT CARNIVAL,69,718.14,35,13,1.9714285714285715
FLOOR LAMP SHADE WOOD BASE,33,312.7,13,6,2.5384615384615383
FLORAL BATHROOM SET,21,78.75,11,9,1.9090909090909092
FLORAL BLUE MONSTER,5,21.25,4,4,1.25
FLORAL FOLK STATIONERY SET,1943,3363.34,425,151,4.5717647058823525
FLORAL PINK MONSTER,43,187.54,16,9,2.6875
FLORAL SOFT CAR TOY,54,230.81,30,10,1.8
FLOWER BLUE CLOCK WITH SUCKER,117,33.93,8,8,14.625
FLOWER BURST SILVER RING CRYSTAL,13,48.71,9,5,1.4444444444444444
FLOWER FAIRY 5 DRAWER LINERS,60,153.0,20,18,3.0
FLOWER FAIRY 5 SUMMER DRAW LINERS,6,15.299999999999999,1,1,6.0
FLOWER FAIRY INCENSE BOUQUET,61,32.349999999999994,5,4,12.2
"FLOWER FAIRY,5 SUMMER B'DRAW LINERS",105,267.75,25,24,4.2
FLOWER GARLAND NECKLACE RED,6,47.7,4,3,1.5
"FLOWER GLASS GARLAND NECKL.36""BLACK",12,95.35000000000001,5,4,2.4
"FLOWER GLASS GARLAND NECKL.36""BLUE",9,71.4,5,2,1.8
"FLOWER GLASS GARLAND NECKL.36""GREEN",4,31.8,2,2,2.0
"FLOWER GLASS GARLD NECKL36""AMETHYST",14,110.95,11,4,1.2727272727272727
"FLOWER GLASS GARLD NECKL36""TURQUOIS",8,64.08,5,1,1.6
FLOWER PURPLE CLOCK W/SUCKER,5,4.25,3,3,1.6666666666666667
FLOWER PURPLE CLOCK WITH SUCKER,16,4.64,3,3,5.333333333333333
FLOWER SHOP DESIGN MUG,1,1.65,1,1,1.0
FLOWER VINE RAFFIA FOOD COVER,383,1477.82,140,77,2.7357142857142858
FLOWERS  STICKERS,257,245.35999999999999,61,21,4.213114754098361
FLOWERS CHANDELIER T-LIGHT HOLDER,963,2898.12,38,32,25.342105263157894
FLOWERS HANDBAG blue and orange,49,61.25,3,3,16.333333333333332
FLOWERS TILE COASTER,992,334.76,39,32,25.435897435897434
FLOWERS TILE HOOK,59,80.16000000000001,13,10,4.538461538461538
FLUTED ANTIQUE CANDLE HOLDER,2809,2643.33,206,100,13.635922330097088
FLYING PIG WATERING CAN,194,469.90000000000003,47,31,4.127659574468085
FOLDING BUTTERFLY MIRROR HOT PINK ,1868,1496.07,152,84,12.289473684210526
FOLDING BUTTERFLY MIRROR IVORY ,794,742.92,133,67,5.969924812030075
FOLDING BUTTERFLY MIRROR RED  ,1262,985.88,99,56,12.747474747474747
FOLDING CAMPING SCISSOR W/KNIF & S,30,3.5999999999999996,3,3,10.0
FOLDING MIRROR HOT PINK ,156,118.91999999999999,5,5,31.2
FOLDING MIRROR IVORY ,18,14.939999999999998,2,2,9.0
FOLDING MIRROR RED  ,18,14.939999999999998,2,2,9.0
FOLDING SHOE TIDY,3,8.850000000000001,2,2,1.5
FOLDING UMBRELLA BLACKBLUE POLKADOT,160,763.6600000000001,74,44,2.1621621621621623
FOLDING UMBRELLA CHOCOLATE POLKADOT,133,607.23,59,30,2.2542372881355934
FOLDING UMBRELLA CREAM POLKADOT,191,868.0600000000001,64,28,2.984375
FOLDING UMBRELLA PINKWHITE POLKADOT,107,501.98,45,29,2.3777777777777778
FOLDING UMBRELLA RED/WHITE POLKADOT,347,1621.76,120,53,2.8916666666666666
FOLDING UMBRELLA WHITE/RED POLKADOT,104,513.02,36,22,2.888888888888889
"FOLK ART GREETING CARD,pack/12",23,67.85000000000001,9,7,2.5555555555555554
FOLK ART METAL HEART T-LIGHT HOLDER,163,82.1,19,14,8.578947368421053
FOLK ART METAL STAR T-LIGHT HOLDER,485,252.33,67,24,7.2388059701492535
FOLK FELT HANGING MULTICOL GARLAND,208,585.86,61,7,3.4098360655737703
FOLKART CHRISTMAS TREE T-LIGHT HOLD,27,10.260000000000002,2,2,13.5
FOLKART CLIP ON STARS,786,405.25,100,34,7.86
FOLKART HEART NAPKIN RINGS,366,551.13,69,22,5.304347826086956
FOLKART STAR CHRISTMAS DECORATIONS,3582,1634.9199999999998,131,81,27.34351145038168
FOLKART ZINC HEART CHRISTMAS DEC,2999,2640.8599999999997,244,116,12.290983606557377
FOLKART ZINC STAR CHRISTMAS DEC,12,10.2,3,3,4.0
FOOD CONTAINER SET 3 LOVE HEART ,2039,3952.19,291,115,7.006872852233677
"FOOD COVER WITH BEADS , SET 2 SIZES",3,11.25,1,1,3.0
FOOD COVER WITH BEADS SET 2 ,1012,3772.88,145,109,6.979310344827586
FOOD/DRINK SPONGE STICKERS,1244,261.24,35,33,35.542857142857144
FOOT STOOL HOME SWEET HOME ,489,5097.65,217,139,2.2534562211981566
FORKED CACTUS CANDLE,100,319.66,34,21,2.9411764705882355
FOUR HOOK  WHITE LOVEBIRDS,1615,3713.54,399,145,4.0476190476190474
FOUR RABBIT EASTER DECORATIONS,72,104.84,15,11,4.8
FRAPPUCINO SCARF KNITTING KIT,344,505.69,73,35,4.712328767123288
FREESTYLE CANVAS ART PICTURE,41,39.65,18,16,2.2777777777777777
FRENCH BATHROOM SIGN BLUE METAL,1476,2511.22,219,125,6.739726027397261
FRENCH BLUE METAL DOOR SIGN 0,594,780.8,99,49,6.0
FRENCH BLUE METAL DOOR SIGN 1,1157,1580.89,199,61,5.814070351758794
FRENCH BLUE METAL DOOR SIGN 2,1001,1389.07,188,59,5.324468085106383
FRENCH BLUE METAL DOOR SIGN 3,844,1152.81,160,59,5.275
FRENCH BLUE METAL DOOR SIGN 4,741,1024.28,152,54,4.875
FRENCH BLUE METAL DOOR SIGN 5,844,1160.29,153,61,5.516339869281046
FRENCH BLUE METAL DOOR SIGN 6,710,973.15,126,45,5.634920634920635
FRENCH BLUE METAL DOOR SIGN 7,677,896.75,113,52,5.991150442477876
FRENCH BLUE METAL DOOR SIGN 8,644,871.49,119,54,5.411764705882353
FRENCH BLUE METAL DOOR SIGN 9,533,728.57,98,41,5.438775510204081
FRENCH BLUE METAL DOOR SIGN No,993,1308.38,158,39,6.284810126582278
FRENCH CARRIAGE LANTERN,137,925.35,58,46,2.3620689655172415
FRENCH CHATEAU LARGE FRUIT BOWL ,10,19.5,4,4,2.5
FRENCH CHATEAU LARGE PLATTER ,70,160.5,18,17,3.888888888888889
FRENCH CHATEAU OVAL PLATTER,15,29.25,6,6,2.5
FRENCH CHATEAU SMALL FRUITBOWL,24,51.599999999999994,8,8,3.0
FRENCH ENAMEL CANDLEHOLDER,1701,3666.2900000000004,317,157,5.365930599369086
FRENCH ENAMEL POT W LID,589,1436.5300000000002,115,66,5.121739130434783
FRENCH ENAMEL UTENSIL HOLDER,45,183.71,16,9,2.8125
FRENCH ENAMEL WATER BASIN,411,1273.11,128,62,3.2109375
FRENCH FLORAL CUSHION COVER ,674,774.79,83,43,8.120481927710843
FRENCH GARDEN SIGN BLUE METAL,794,1019.83,131,85,6.061068702290076
FRENCH KITCHEN SIGN BLUE METAL,1243,1558.91,164,94,7.579268292682927
FRENCH LATTICE CUSHION COVER ,452,527.25,63,35,7.174603174603175
FRENCH LAUNDRY SIGN BLUE METAL,963,1610.35,144,75,6.6875
FRENCH LAVENDER SCENT HEART,1079,1064.44,106,69,10.179245283018869
FRENCH PAISLEY CUSHION COVER,170,141.1,17,14,10.0
FRENCH PAISLEY CUSHION COVER ,575,840.4399999999999,105,44,5.476190476190476
FRENCH STYLE EMBOSSED HEART CABINET,26,571.43,22,19,1.1818181818181819
FRENCH STYLE STORAGE JAR BONBONS,2338,695.06,74,66,31.594594594594593
FRENCH STYLE STORAGE JAR CAFE ,1982,819.4599999999999,70,57,28.314285714285713
FRENCH STYLE STORAGE JAR JAM,323,116.58999999999999,30,27,10.766666666666667
FRENCH TOILET SIGN BLUE METAL,1350,1697.72,187,106,7.219251336898396
FRENCH WC SIGN BLUE METAL,1883,2518.0,301,141,6.255813953488372
FRESHWATER PEARL BRACELET GOLD,3,7.6499999999999995,2,1,1.5
FRESHWATER PEARL BRACELET IVORY,5,12.7,5,0,1.0
FRIDGE MAGNETS LA VIE EN ROSE,1313,1169.8999999999999,87,63,15.091954022988507
FRIDGE MAGNETS LES ENFANTS ASSORTED,1372,1140.97,80,64,17.15
FRIDGE MAGNETS US DINER ASSORTED,1587,1422.8999999999999,102,73,15.558823529411764
FROG CANDLE,64,83.78,19,13,3.3684210526315788
FROG KING WATERING CAN,9,26.55,2,2,4.5
FROG SOCK PUPPET,15,44.25000000000001,8,7,1.875
FROSTED WHITE BASE ,239,119.64,23,15,10.391304347826088
FRUIT SALAD BAG CHARM,64,145.52,45,3,1.4222222222222223
FRUIT TREE AND BIRDS WALL PLAQUE,41,348.53,24,7,1.7083333333333333
FRYING PAN BLUE POLKADOT,193,716.8,87,29,2.218390804597701
FRYING PAN PINK POLKADOT,398,1809.48,140,51,2.842857142857143
FRYING PAN RED POLKADOT ,1,4.25,1,1,1.0
FRYING PAN RED RETROSPOT,467,1923.59,166,71,2.8132530120481927
FRYING PAN UNION FLAG,1334,5837.84,208,68,6.413461538461538
FULL ENGLISH BREAKFAST PLATE,1642,6928.65,296,100,5.547297297297297
FUNKY DIVA PEN,8547,7363.86,233,107,36.682403433476395
FUNKY FLOWER PICNIC BAG FOR 4,2,33.9,2,2,1.0
FUNKY MONKEY CUSHION COVER,232,317.16999999999996,46,12,5.043478260869565
FUNKY MONKEY GIFT BAG MEDIUM,371,173.12,41,19,9.048780487804878
FUNKY MONKEY MUG,1,1.25,1,1,1.0
FUNKY WASHING UP GLOVES ASSORTED,1003,2108.7200000000003,198,127,5.065656565656566
FUSCHIA FLOWER PURSE WITH BEADS,159,145.17,14,13,11.357142857142858
FUSCHIA RETRO BAR STOOL,14,523.3000000000001,5,4,2.8
FUSCHIA TABLE RUN FLOWER ,27,38.75,5,5,5.4
FUSCHIA VOILE POINTY SHOE DEC,97,50.31,15,11,6.466666666666667
GAOLERS KEYS DECORATIVE GARDEN ,938,3486.98,214,115,4.383177570093458
GARAGE KEY FOB,780,567.76,147,81,5.3061224489795915
GARDEN METAL SIGN ,114,203.20999999999998,29,18,3.9310344827586206
GARDEN PATH JOURNAL,247,621.1899999999999,65,40,3.8
GARDEN PATH NOTEBOOK ,15,24.75,8,8,1.875
GARDEN PATH POCKET BOOK,69,58.65,21,18,3.2857142857142856
GARDEN PATH SKETCHBOOK,124,501.07,57,41,2.175438596491228
GARDENERS KNEELING PAD,1,3.36,1,0,1.0
GARDENERS KNEELING PAD CUP OF TEA ,6827,11815.689999999999,758,351,9.006596306068602
GARDENERS KNEELING PAD KEEP CALM ,8825,16357.05,913,405,9.665936473165388
GARDENIA 1 WICK MORRIS BOXED CANDLE,225,775.93,61,48,3.6885245901639343
GARDENIA 3 WICK MORRIS BOXED CANDLE,281,811.99,83,59,3.3855421686746987
GARLAND WITH HEARTS AND BELLS,394,1751.22,100,36,3.94
GARLAND WITH STARS AND BELLS,549,2280.4700000000003,112,38,4.901785714285714
GARLAND WOODEN HAPPY EASTER,1978,2641.93,239,125,8.276150627615063
"GARLAND, MAGIC GARDEN 1.8M",12,23.4,1,1,12.0
"GARLAND, VINTAGE BELLS",92,265.88,10,10,9.2
GEMSTONE CHANDELIER T-LIGHT HOLDER,78,347.70000000000005,7,7,11.142857142857142
GENTLEMAN SHIRT REPAIR KIT ,2166,1837.4699999999998,170,73,12.741176470588234
GEORGIAN TRINKET BOX,144,1719.0,61,49,2.360655737704918
GIANT 50'S CHRISTMAS CRACKER,2668,7072.16,333,260,8.012012012012011
GIANT MEDINA STAMPED METAL BOWL ,2,19.9,2,2,1.0
GIFT BAG BIRTHDAY,940,575.4200000000001,77,42,12.207792207792208
GIFT BAG LARGE 50'S CHRISTMAS,24,30.0,2,2,12.0
GIFT BAG LARGE SPOT ,96,120.0,6,6,16.0
GIFT BAG LARGE VINTAGE CHRISTMAS,148,185.0,9,9,16.444444444444443
GIFT BAG PSYCHEDELIC APPLES,1183,730.47,139,52,8.510791366906474
GIN & TONIC DIET GREETING CARD ,3299,1389.22,246,100,13.410569105691057
GIN + TONIC DIET METAL SIGN,11727,25836.57,759,330,15.450592885375494
GIN AND TONIC DIET METAL SIGN,498,1237.5,50,34,9.96
GIN AND TONIC MUG,2981,4149.929999999999,295,110,10.105084745762712
GINGERBREAD MAN COOKIE CUTTER,7448,9212.15,670,388,11.116417910447762
GINGHAM BABUSHKA DOORSTOP,211,406.49,42,34,5.023809523809524
GINGHAM HEART  DOORSTOP RED,793,2982.0299999999997,241,147,3.2904564315352696
GINGHAM HEART DECORATION,6152,5125.46,413,251,14.895883777239709
GINGHAM OVEN GLOVE RED HEART ,5,26.490000000000002,3,2,1.6666666666666667
GINGHAM RECIPE BOOK BOX,466,2529.42,135,87,3.4518518518518517
GINGHAM ROSE WRAP,1829,768.18,73,68,25.054794520547944
GIRAFFE WOODEN RULER,3889,7608.79,274,185,14.193430656934307
GIRLS ALPHABET IRON ON PATCHES ,13882,2923.13,147,18,94.43537414965986
GIRLS PARTY BAG,47,144.43,13,0,3.6153846153846154
GIRLS VINTAGE TIN SEASIDE BUCKET,1330,3507.17,231,116,5.757575757575758
GIRLY PINK TOOL SET,5,24.75,1,1,5.0
GLAMOROUS  MUG,1296,1459.98,142,81,9.126760563380282
GLASS  BEURRE DISH,881,3721.63,212,82,4.15566037735849
GLASS  SONGBIRD STORAGE JAR,169,2065.14,73,65,2.315068493150685
GLASS AND BEADS BRACELET IVORY,9,33.69,4,1,2.25
GLASS AND PAINTED BEADS BRACELET OL,13,48.77,8,1,1.625
GLASS AND PAINTED BEADS BRACELET TO,15,56.15,10,1,1.5
GLASS APOTHECARY BOTTLE ELIXIR,858,3427.4800000000005,209,122,4.105263157894737
GLASS APOTHECARY BOTTLE PERFUME,1074,4208.96,246,151,4.365853658536586
GLASS APOTHECARY BOTTLE TONIC,925,3678.11,223,135,4.147982062780269
GLASS BEAD HOOP EARRINGS AMETHYST,9,28.4,6,1,1.5
GLASS BEAD HOOP EARRINGS BLACK,6,17.66,3,1,2.0
GLASS BEAD HOOP EARRINGS GREEN,5,14.5,5,0,1.0
GLASS BEAD HOOP EARRINGS MONTANA,3,8.76,3,0,1.0
GLASS BEAD HOOP NECKLACE AMETHYST,3,25.5,3,3,1.0
GLASS BEAD HOOP NECKLACE BLACK,2,17.0,1,1,2.0
GLASS BEAD HOOP NECKLACE GREEN,4,33.82,3,2,1.3333333333333333
GLASS BEAD HOOP NECKLACE MONTANA,3,25.32,3,2,1.0
GLASS BELL JAR LARGE,2,17.0,1,1,2.0
GLASS BELL JAR SMALL,4,15.8,1,1,4.0
GLASS BON BON JAR,2355,4217.73,225,101,10.466666666666667
GLASS BONNE JAM JAR,121,504.97,27,24,4.481481481481482
GLASS CAKE COVER AND PLATE,2,29.9,1,1,2.0
GLASS CHALICE BLUE SMALL ,696,425.08,49,38,14.204081632653061
GLASS CHALICE GREEN  LARGE ,197,364.22,19,10,10.368421052631579
GLASS CHALICE GREEN  SMALL ,161,175.78,19,12,8.473684210526315
GLASS CLOCHE LARGE,350,2934.53,57,36,6.140350877192983
GLASS CLOCHE SMALL,804,3131.02,142,79,5.661971830985915
GLASS HEART T-LIGHT HOLDER ,3336,2906.52,214,96,15.588785046728972
GLASS JAR DAISY FRESH COTTON WOOL,729,2598.23,268,92,2.720149253731343
GLASS JAR DIGESTIVE BISCUITS,619,2010.17,164,69,3.774390243902439
GLASS JAR ENGLISH CONFECTIONERY,1016,3210.52,214,102,4.747663551401869
GLASS JAR KINGS CHOICE,184,608.72,81,47,2.271604938271605
GLASS JAR MARMALADE ,481,1383.75,81,46,5.938271604938271
GLASS JAR PEACOCK BATH SALTS,408,1329.44,133,62,3.0676691729323307
GLASS SONGBIRD STORAGE JAR,11,126.7,3,3,3.6666666666666665
GLASS SPHERE CANDLE STAND MEDIUM,112,689.53,34,23,3.2941176470588234
GLASS STAR FROSTED T-LIGHT HOLDER,518,2519.38,131,79,3.954198473282443
GLASS TWIST BON BON JAR,74,575.25,24,19,3.0833333333333335
GLITTER BUTTERFLY CLIPS,1130,3079.88,241,116,4.6887966804979255
GLITTER CHRISTMAS HEART ,270,233.51999999999998,21,17,12.857142857142858
GLITTER CHRISTMAS STAR ,2473,1067.82,124,95,19.943548387096776
GLITTER CHRISTMAS TREE,912,414.63,58,48,15.724137931034482
GLITTER CHRISTMAS TREE WITH BELLS,740,759.44,97,45,7.628865979381444
GLITTER HANGING BUTTERFLY STRING,1315,2725.05,194,90,6.778350515463917
GLITTER HEART DECORATION,2470,1088.98,142,104,17.3943661971831
GLITTER HEART GARLAND WITH BELLS ,332,1379.72,90,49,3.688888888888889
GLITTER SNOW PEAR TREE DECORATION,20,28.999999999999996,3,2,6.666666666666667
GLITTER STAR GARLAND WITH BELLS ,251,1037.05,62,35,4.048387096774194
GLOW IN DARK DOLPHINS,139,29.19,31,28,4.483870967741935
GOLD APERITIF GLASS,88,34.32,2,1,44.0
GOLD COSMETIC BAG PINK STAR,2,4.2,2,2,1.0
GOLD COSMETICS BAG WITH BUTTERFLY,1,2.1,1,0,1.0
GOLD DIAMANTE STAR BROOCH,12,59.800000000000004,9,2,1.3333333333333333
GOLD EAR MUFF HEADPHONES,38,221.65,25,19,1.52
GOLD FABRIC MIRROR,180,86.76,29,17,6.206896551724138
GOLD FISHING GNOME,68,546.6,36,12,1.8888888888888888
GOLD FLOWER CUSHION COVER ,8,15.6,2,1,4.0
GOLD M PEARL  ORBIT NECKLACE,15,152.84,13,5,1.1538461538461537
GOLD M.O.P ORBIT BRACELET,18,96.52000000000001,18,2,1.0
GOLD M.O.P ORBIT DROP EARRINGS,22,92.28,17,5,1.2941176470588236
GOLD M.O.P. ORBIT NECKLACE,2,5.9,2,2,1.0
GOLD MINI TAPE MEASURE ,1236,958.06,205,30,6.029268292682927
GOLD MUG BONE CHINA TREE OF LIFE,770,969.64,74,53,10.405405405405405
GOLD PHOTO FRAME,216,466.53000000000003,39,19,5.538461538461538
GOLD PRINT PAPER BAG,19,3.6100000000000003,2,2,9.5
GOLD SCROLL GLASS T-LIGHT HOLDER,80,137.22000000000003,5,5,16.0
GOLD STANDING GNOME,106,398.02,28,11,3.7857142857142856
GOLD TEDDY BEAR,15,42.7,5,2,3.0
GOLD WASHBAG,27,54.57,10,3,2.7
GOLD WINE GOBLET,168,132.72,8,6,21.0
GOLD/AMBER DROP EARRINGS W LEAF,13,38.18,7,1,1.8571428571428572
GOLD/M.O.P PENDANT ORBIT NECKLACE,22,184.66,19,6,1.1578947368421053
GOLDIE LOOKING MIRROR,17,84.15,6,5,2.8333333333333335
GRAND CHOCOLATECANDLE,5978,8225.0,292,195,20.472602739726028
GRASS HOPPER WOODEN WALL CLOCK ,272,374.12,34,21,8.0
GREEN  DIAMANTE PEN IN GIFT BOX,76,178.89,33,5,2.303030303030303
GREEN 3 PIECE POLKADOT CUTLERY SET,850,3110.9100000000003,79,55,10.759493670886076
GREEN BIRDHOUSE DECORATION,440,310.49,59,31,7.4576271186440675
GREEN BITTY LIGHT CHAIN,194,383.25,60,15,3.2333333333333334
GREEN CAT FLORAL CUSHION COVER ,73,345.17,54,4,1.3518518518518519
GREEN CHRISTMAS TREE CARD HOLDER,1266,3245.68,192,123,6.59375
GREEN CHRISTMAS TREE STRING 20LIGHT,42,191.1,11,9,3.8181818181818183
GREEN CRYSTAL DROP EARRINGS,2,5.8,2,0,1.0
GREEN DRAWER KNOB ACRYLIC EDWARDIAN,2087,2754.4,191,82,10.926701570680628
GREEN DROP EARRINGS W BEAD CLUSTER,12,40.03,8,1,1.5
GREEN EASTER EGG HUNT START POST,28,56.779999999999994,11,9,2.5454545454545454
GREEN ENAMEL FLOWER HAIR TIE,20,58.71,14,2,1.4285714285714286
GREEN ENAMEL FLOWER RING,77,225.84,31,9,2.4838709677419355
GREEN ENAMEL+GLASS HAIR COMB,185,357.74,54,7,3.425925925925926
GREEN FERN JOURNAL ,177,441.12,55,31,3.2181818181818183
GREEN FERN NOTEBOOK,86,141.23999999999998,44,21,1.9545454545454546
GREEN FERN POCKET BOOK,63,53.55,22,20,2.8636363636363638
GREEN FERN SKETCHBOOK ,106,420.08,56,42,1.8928571428571428
GREEN GEISHA GIRL ,46,146.05,28,10,1.6428571428571428
GREEN GIANT GARDEN THERMOMETER,430,2704.71,148,94,2.9054054054054053
GREEN GLASS TASSLE BAG CHARM,35,79.76,16,6,2.1875
GREEN GOOSE FEATHER CHRISTMAS TREE ,187,672.09,45,24,4.155555555555556
GREEN GOOSE FEATHER TREE 60CM,171,356.96999999999997,42,32,4.071428571428571
GREEN HEART COMPACT MIRROR,220,318.31,33,17,6.666666666666667
GREEN HEART OF GLASS BRACELET,14,83.29,6,5,2.3333333333333335
GREEN JUICY FRUIT PHOTO FRAME,94,261.89,39,23,2.41025641025641
GREEN LEAVES AND BEADS PHONE CHARM,2,4.97,2,0,1.0
GREEN METAL BOX ARMY SUPPLIES,468,3914.5,135,78,3.466666666666667
GREEN METAL BOX TOP SECRET,16,132.0,4,4,4.0
GREEN METAL SWINGING BUNNY,319,278.16999999999996,42,29,7.595238095238095
GREEN MURANO TWIST BRACELET,51,215.20000000000002,22,6,2.3181818181818183
GREEN MURANO TWIST NECKLACE,11,109.53999999999999,8,4,1.375
GREEN PAIR HEART HAIR SLIDES,23,86.11,14,2,1.6428571428571428
GREEN PENDANT SHELL NECKLACE,1,5.09,1,0,1.0
GREEN PENDANT TRIPLE SHELL NECKLACE,12,63.11,10,2,1.2
GREEN PEONY CUSHION COVER,19,88.35000000000001,6,4,3.1666666666666665
GREEN POLKADOT BOWL,1576,2032.48,205,101,7.68780487804878
GREEN POLKADOT PLATE ,1078,1792.27,128,72,8.421875
GREEN POP ART MAO CUSHION COVER ,12,2.2800000000000002,2,1,6.0
GREEN REGENCY TEACUP AND SAUCER,7302,22826.3,1013,387,7.208292201382034
GREEN ROSE WASHBAG,324,1136.6,160,32,2.025
GREEN ROUND COMPACT MIRROR,144,210.56,21,8,6.857142857142857
GREEN SQUARE COMPACT MIRROR,131,203.51,20,14,6.55
GREEN STONE/CRYSTAL EARRINGS,14,40.95,13,0,1.0769230769230769
GREEN SWEETHEART BRACELET,103,423.41,44,15,2.340909090909091
GREEN VINTAGE EARRINGS ,39,158.08,28,4,1.3928571428571428
GREEN VINTAGE SPOT BEAKER,4625,4444.2300000000005,185,107,25.0
GREEN WIRE STANDING CANDLE HOLDER,38,157.34,18,12,2.111111111111111
GREEN WITH METAL BAG CHARM,3,14.850000000000001,1,1,3.0
GREEN/BLUE CERAMIC CANDLE HOLDER,8,13.2,1,1,8.0
GREEN/BLUE FLOWER DESIGN BIG MUG,23,13.65,8,8,2.875
"GREETING CARD, OVERCROWDED POOL.",270,74.7,53,15,5.09433962264151
"GREETING CARD, STICKY GORDON",245,70.78,53,12,4.622641509433962
"GREETING CARD, TWO SISTERS.",127,53.88,40,2,3.175
"GREETING CARD,SQUARE, DOUGHNUTS",174,80.46,27,12,6.444444444444445
GREY ACRYLIC FACETED BANGLE,34,57.55,10,3,3.4
GREY FLORAL FELTCRAFT SHOULDER BAG,266,1031.69,83,63,3.2048192771084336
GREY HEART HOT WATER BOTTLE,3231,12805.33,561,337,5.759358288770054
GROOVY CACTUS INFLATABLE,303,119.08999999999999,22,19,13.772727272727273
GROW A FLYTRAP OR SUNFLOWER IN TIN,16244,17927.45,305,167,53.25901639344262
GROW YOUR OWN BASIL IN ENAMEL MUG,1051,2301.31,219,130,4.799086757990867
GROW YOUR OWN FLOWERS SET OF 3,296,1241.3,78,68,3.7948717948717947
GROW YOUR OWN HERBS SET OF 3,165,1399.69,90,60,1.8333333333333333
GROW YOUR OWN PLANT IN A CAN ,839,1107.87,57,29,14.719298245614034
GUMBALL COAT RACK,7962,18890.47,681,262,11.691629955947137
GUMBALL MAGAZINE RACK,622,5198.66,232,118,2.6810344827586206
GUMBALL MONOCHROME COAT RACK,620,895.72,109,25,5.6880733944954125
GYMKHANA TREASURE BOOK BOX,1719,3824.5299999999997,200,128,8.595
GYMKHANNA TREASURE BOOK BOX,120,261.84000000000003,14,14,8.571428571428571
HAIRCLIPS FORTIES FABRIC ASSORTED,1346,587.86,61,53,22.065573770491802
HALL CABINET WITH 3 DRAWERS,76,2603.5299999999997,5,4,15.2
HAND OPEN SHAPE DECO.WHITE,92,270.02000000000004,5,5,18.4
HAND OPEN SHAPE GOLD,199,681.59,30,23,6.633333333333334
HAND OVER THE CHOCOLATE   SIGN ,8272,15983.330000000002,677,270,12.21861152141802
HAND PAINTED HANGING EASTER EGG,22,9.24,3,3,7.333333333333333
HAND TOWEL PALE BLUE W FLOWERS,223,453.39,29,17,7.689655172413793
HAND TOWEL PINK FLOWER AND DAISY,217,372.33,23,8,9.434782608695652
HAND WARMER BABUSHKA DESIGN,4970,7136.2300000000005,368,199,13.505434782608695
HAND WARMER BIRD DESIGN,6441,14078.69,554,333,11.626353790613718
HAND WARMER OWL DESIGN,8498,17910.030000000002,654,375,12.99388379204893
HAND WARMER RED LOVE HEART,4027,8941.61,397,268,10.143576826196474
HAND WARMER RED POLKA DOT,120,225.00000000000003,18,2,6.666666666666667
HAND WARMER RED RETROSPOT,4354,8770.43,374,258,11.641711229946525
HAND WARMER SCOTTY DOG DESIGN,6632,14410.62,548,329,12.102189781021897
HAND WARMER UNION JACK,4867,10057.320000000002,479,300,10.160751565762004
HANGING  BUTTERFLY T-LIGHT HOLDER,1340,1651.36,73,57,18.356164383561644
HANGING BAUBLE T-LIGHT HOLDER LARGE,33,108.71000000000001,15,9,2.2
HANGING BAUBLE T-LIGHT HOLDER SMALL,269,611.57,26,16,10.346153846153847
HANGING BUTTERFLY  EGG,9,7.6499999999999995,3,2,3.0
HANGING CHICK  YELLOW DECORATION,1139,1608.86,112,76,10.169642857142858
HANGING CHICK CREAM DECORATION,1317,1946.62,120,72,10.975
HANGING CHICK GREEN DECORATION,907,1341.6699999999998,122,63,7.434426229508197
HANGING CLEAR MINI BOTTLE,1734,1051.14,41,33,42.292682926829265
HANGING ENGRAVED METAL HEART,297,1249.1100000000001,78,63,3.8076923076923075
HANGING FAIRY CAKE DECORATION,820,1484.3,72,25,11.38888888888889
HANGING GLASS ETCHED TEALIGHT,133,208.46999999999997,11,9,12.090909090909092
HANGING HEART BASKET,11,23.1,3,3,3.6666666666666665
HANGING HEART BONHEUR,610,538.75,69,53,8.840579710144928
HANGING HEART JAR T-LIGHT HOLDER,12512,16477.53,728,304,17.186813186813186
HANGING HEART MIRROR DECORATION ,2341,1708.0700000000002,289,83,8.100346020761245
HANGING HEART WITH BELL,4620,2376.0499999999997,219,106,21.095890410958905
HANGING HEART ZINC T-LIGHT HOLDER,9143,8168.9,603,271,15.162520729684909
HANGING HEN ON NEST DECORATION,829,1420.4699999999998,114,72,7.271929824561403
HANGING JAM JAR T-LIGHT HOLDER,10792,8560.84,348,193,31.011494252873565
HANGING JAM JAR T-LIGHT HOLDERS,2813,2298.0499999999997,92,61,30.57608695652174
HANGING MEDINA LANTERN SMALL,81,259.67,28,20,2.892857142857143
HANGING METAL CHICKEN DECORATION,152,198.52,34,19,4.470588235294118
HANGING METAL HEART LANTERN,3423,5519.419999999999,351,191,9.752136752136753
HANGING METAL RABBIT DECORATION,475,618.2,58,37,8.189655172413794
HANGING METAL STAR LANTERN,2060,3153.0899999999997,198,119,10.404040404040405
HANGING MINI COLOURED BOTTLES,3443,2237.71,76,52,45.30263157894737
HANGING PHOTO CLIP ROPE LADDER,748,1277.4699999999998,86,29,8.69767441860465
HANGING QUILTED PATCHWORK APPLES,1258,1108.58,89,76,14.134831460674157
HANGING RIDGE GLASS T-LIGHT HOLDER,36,60.84,2,1,18.0
HANGING SPRING FLOWER EGG LARGE,948,823.7399999999999,73,52,12.986301369863014
HANGING SPRING FLOWER EGG SMALL,1197,489.17,72,50,16.625
HANGING WOOD AND FELT BUTTERFLY ,896,409.41,127,45,7.05511811023622
HANGING WOOD AND FELT FLOWER,2055,325.96,104,40,19.759615384615383
HANGING WOOD AND FELT HEART,676,314.81,106,34,6.377358490566038
HAPPY BIRTHDAY CARD STRIPEY TEDDY,13,2.47,2,2,6.5
HAPPY BIRTHDAY CARD TEDDY/CAKE,5,0.95,1,1,5.0
HAPPY EASTER HANGING DECORATION,244,945.9499999999999,53,35,4.60377358490566
HAPPY STENCIL CRAFT,2831,3358.1800000000003,281,171,10.07473309608541
HARDMAN MUG 3 ASSORTED,65,32.42,13,11,5.0
HAWAIIAN GRASS SKIRT ,324,380.36,28,20,11.571428571428571
HAYNES CAMPER SHOULDER BAG,1,16.63,1,0,1.0
HEADS AND TAILS SPORTING FUN,1977,2351.44,209,149,9.45933014354067
HEART BEADED TRELLIS DECORATION,249,528.1700000000001,42,34,5.928571428571429
HEART BUTTONS JEWELLERY BOX,68,356.11,30,4,2.2666666666666666
HEART CALCULATOR,1183,1545.59,131,65,9.030534351145038
HEART DECORATION PAINTED ZINC ,2386,1672.7900000000002,225,88,10.604444444444445
HEART DECORATION RUSTIC HANGING ,5088,1647.16,340,118,14.964705882352941
HEART DECORATION WITH PEARLS ,2198,2114.83,256,106,8.5859375
HEART FILIGREE DOVE  SMALL,5534,6901.33,299,162,18.50836120401338
HEART FILIGREE DOVE LARGE,2807,4643.669999999999,250,155,11.228
HEART GARLAND RUSTIC PADDED,264,841.24,91,21,2.901098901098901
HEART IVORY TRELLIS LARGE,3156,5274.119999999999,318,189,9.924528301886792
HEART IVORY TRELLIS SMALL,4171,5468.66,378,157,11.034391534391535
HEART MINI PORTRAIT FRAME,518,1021.76,87,69,5.954022988505747
HEART MIRROR ANTIQUE WHITE,358,2354.8,76,64,4.7105263157894735
HEART OF WICKER LARGE,9901,30139.41,925,485,10.703783783783784
HEART OF WICKER SMALL,17971,32107.8,1201,573,14.963363863447128
HEART SHAPE WIRELESS DOORBELL,447,802.13,49,30,9.122448979591837
HEART SHAPED HOLLY WREATH,950,3999.5000000000005,172,138,5.523255813953488
HEART SHAPED MIRROR,5,8.45,2,2,2.5
HEART STRING MEMO HOLDER HANGING,875,1042.78,122,41,7.172131147540983
HEART T-LIGHT HOLDER,146,144.52,10,5,14.6
HEART T-LIGHT HOLDER ,78,117.57,15,11,5.2
HEART T-LIGHT HOLDER WILLIE WINKIE,969,1649.0499999999997,112,88,8.651785714285714
HEART TRELLIS TRIPLE T-LIGHT HOLDER,129,395.11,30,20,4.3
HEART TRELLISTRIPLE T-LIGHT HOLDER,56,152.24,5,5,11.2
HEART WOODEN CHRISTMAS DECORATION,2336,2202.14,222,131,10.522522522522523
HEART WREATH DECORATION WITH BELL,2288,2850.89,185,103,12.367567567567567
HEARTS  STICKERS,835,737.8399999999999,119,62,7.016806722689076
HEARTS GIFT TAPE,1178,386.77000000000004,94,52,12.53191489361702
HEARTS WRAPPING TAPE ,5,3.25,3,3,1.6666666666666667
HEAVENS SCENT FRAGRANCE OILS ASSTD,72,20.88,1,1,72.0
HELLO SAILOR BATHROOM SET,14,52.5,9,8,1.5555555555555556
HELLO SAILOR BLUE SOAP HOLDER,180,344.34000000000003,53,25,3.3962264150943398
HEN HOUSE DECORATION,954,1641.62,131,78,7.282442748091603
HEN HOUSE W CHICK IN NEST,1,0.42,1,1,1.0
HEN HOUSE W CHICK STANDING,283,118.21,24,13,11.791666666666666
HEN HOUSE W FAMILY IN BARN & NEST,51,36.21,10,9,5.1
HEN HOUSE WITH CHICK STANDING,14,5.88,3,3,4.666666666666667
HEN PARTY CORDON BARRIER TAPE,202,247.63,40,20,5.05
HENRIETTA HEN MUG ,306,534.66,42,30,7.285714285714286
HERB MARKER BASIL,3427,2155.94,242,133,14.161157024793388
HERB MARKER CHIVES ,1721,1184.1200000000001,209,116,8.23444976076555
HERB MARKER MINT,1757,1224.46,240,132,7.320833333333334
HERB MARKER PARSLEY,1874,1278.6000000000001,238,130,7.873949579831932
HERB MARKER ROSEMARY,1944,1344.77,240,132,8.1
HERB MARKER THYME,1908,1316.16,237,130,8.050632911392405
HI TEC ALPINE HAND WARMER,845,962.9599999999999,107,46,7.897196261682243
HILDA CANDY SPOT RABBIT,25,109.23,16,10,1.5625
HIPPY CHIC DECORATIVE PARASOL,169,896.01,27,15,6.2592592592592595
HOLIDAY FUN LUDO,1162,4194.89,217,136,5.354838709677419
HOLLY TOP CHRISTMAS STOCKING,20,17.0,7,6,2.857142857142857
HOME BUILDING BLOCK WORD,2780,17049.920000000002,777,360,3.5778635778635777
HOME GARLAND PAINTED ZINC ,997,1111.58,128,49,7.7890625
HOME SMALL WOOD LETTERS,245,1413.8400000000001,125,67,1.96
HOME SWEEET HOME 3 PEG HANGER ,25,93.75,4,4,6.25
HOME SWEET HOME 2 DRAWER CABINET,254,1321.38,70,54,3.6285714285714286
HOME SWEET HOME 3 PEG HANGER ,272,1057.28,64,44,4.25
HOME SWEET HOME BLACKBOARD,1011,4561.76,169,104,5.982248520710059
HOME SWEET HOME BOTTLE ,474,1045.8,86,56,5.511627906976744
HOME SWEET HOME CUSHION COVER ,807,3230.41,229,165,3.524017467248908
HOME SWEET HOME HANGING HEART,1922,1752.35,225,146,8.542222222222222
HOME SWEET HOME HOOK,328,412.17999999999995,47,42,6.9787234042553195
HOME SWEET HOME KEY HOLDER,457,2428.9100000000003,111,65,4.117117117117117
HOME SWEET HOME METAL SIGN ,1768,5161.88,282,166,6.2695035460992905
HOME SWEET HOME MUG,5418,6942.33,349,174,15.524355300859598
HOMEMADE JAM SCENTED CANDLES,12532,18788.55,646,429,19.39938080495356
"HOOK, 1 HANGER ,MAGIC GARDEN",1263,1070.85,98,44,12.887755102040817
HORSE & PONY WALL ART,256,797.3100000000001,17,16,15.058823529411764
HOT BATHS METAL SIGN,7306,17047.06,609,206,11.99671592775041
HOT BATHS SOAP HOLDER,494,859.0,114,64,4.333333333333333
HOT STUFF HOT WATER BOTTLE,595,2012.13,89,61,6.685393258426966
HOT WATER BOTTLE BABUSHKA ,1166,5625.38,177,107,6.5875706214689265
HOT WATER BOTTLE BABUSHKA LARGE,8,37.2,1,1,8.0
HOT WATER BOTTLE I AM SO POORLY,3474,18055.11,657,316,5.287671232876712
HOT WATER BOTTLE KEEP CALM,5841,28842.550000000003,782,474,7.469309462915601
HOT WATER BOTTLE SEX BOMB,453,1993.6000000000001,102,79,4.4411764705882355
HOT WATER BOTTLE TEA AND SYMPATHY,5747,33002.590000000004,643,325,8.937791601866252
HOUSE SHAPE PENCIL SHARPENER,3048,407.71999999999997,100,41,30.48
HOUSE WRECKING METAL SIGN ,51,107.10000000000001,23,21,2.217391304347826
HYACINTH BULB T-LIGHT CANDLES,1346,583.12,43,34,31.302325581395348
High Resolution Image,4,27.0,3,3,1.3333333333333333
I CAN ONLY PLEASE ONE PERSON MUG,1415,1861.46,163,97,8.680981595092025
I LOVE LONDON BABY GIFT SET,263,4082.5199999999995,103,48,2.5533980582524274
I LOVE LONDON BEAKER,860,1077.3,97,51,8.8659793814433
I LOVE LONDON WALL ART,12,59.400000000000006,2,2,6.0
I'M ON HOLIDAY METAL SIGN,2373,5031.38,367,208,6.4659400544959125
ICE CREAM BUBBLES,2688,2177.8399999999997,101,81,26.613861386138613
ICE CREAM DESIGN GARDEN PARASOL,240,1429.82,72,26,3.3333333333333335
ICE CREAM PEN LIP GLOSS ,6831,8553.34,257,159,26.579766536964982
ICE CREAM SUNDAE LIP GLOSS,8100,9965.76,277,202,29.24187725631769
ICON MUG REVOLUTIONARY,703,284.49,81,52,8.679012345679013
ICON PLACEMAT POP ART ELVIS,832,134.37,33,19,25.21212121212121
IF YOU CAN'T STAND THE HEAT MUG,1621,1838.05,116,62,13.974137931034482
ILLUSTRATED CAT BOWL ,1410,3822.1199999999994,120,63,11.75
INCENSE BAZAAR PEACH,6,2.52,1,1,6.0
INFLATABLE POLITICAL GLOBE ,860,759.89,71,40,12.112676056338028
IVORY CAFE HANGING LAMP ,116,1380.42,45,37,2.577777777777778
IVORY CHANDELIER T-LIGHT HOLDER,658,1401.43,38,33,17.31578947368421
IVORY DINER WALL CLOCK,1452,11971.15,415,239,3.4987951807228916
IVORY EMBROIDERED QUILT ,54,2038.0900000000001,31,18,1.7419354838709677
IVORY ENCHANTED FOREST PLACEMAT,514,1023.0,91,36,5.648351648351649
IVORY GIANT GARDEN THERMOMETER,597,3674.7000000000003,195,140,3.0615384615384613
IVORY GOLD METAL BAG CHARM,5,34.77,3,2,1.6666666666666667
IVORY HANGING DECORATION  BIRD,1116,966.78,128,81,8.71875
IVORY HANGING DECORATION  EGG,733,290.2,51,42,14.372549019607844
IVORY HANGING DECORATION  HEART,3889,3447.5499999999997,317,153,12.268138801261829
IVORY KITCHEN SCALES,1901,16528.31,711,376,2.6736990154711675
IVORY KNITTED MUG COSY ,668,1296.23,109,29,6.128440366972477
IVORY LOVE BIRD CANDLE,812,813.02,88,44,9.227272727272727
IVORY PANTRY HANGING LAMP ,2,25.0,1,1,2.0
IVORY PAPER CUP CAKE CASES ,1089,745.45,124,51,8.78225806451613
IVORY PENDANT TRIPLE SHELL NECKLACE,9,44.86,5,2,1.8
IVORY PILLAR CANDLE GOLD FLOCK,145,424.08000000000004,30,19,4.833333333333333
IVORY PILLAR CANDLE SILVER FLOCK,452,919.94,76,43,5.947368421052632
IVORY REFECTORY CLOCK,213,2094.24,86,63,2.4767441860465116
IVORY RETRO KITCHEN WALL CLOCK,77,675.91,33,25,2.3333333333333335
IVORY SCULPTED RND CANDLE ,44,37.4,7,4,6.285714285714286
IVORY SHELL HEART EARRINGS,10,25.07,9,1,1.1111111111111112
IVORY SHELL HEART NECKLACE,21,103.13,8,4,2.625
IVORY STRING CURTAIN WITH POLE ,170,440.62,28,23,6.071428571428571
IVORY SWEETHEART SOAP DISH,148,390.75000000000006,49,33,3.020408163265306
IVORY SWEETHEART WIRE LETTER RACK ,558,2095.65,159,108,3.509433962264151
IVORY WICKER HEART LARGE,2076,3570.7599999999998,287,207,7.2334494773519165
IVORY WICKER HEART MEDIUM,2110,2721.7,233,179,9.055793991416309
IVORY WICKER HEART SMALL,2271,1491.75,130,83,17.46923076923077
IVORY WIRE KITCHEN ORGANISER,121,1220.8200000000002,40,34,3.025
IVORY WIRE SWEETHEART LETTER TRAY,135,511.89,49,39,2.7551020408163267
IVY HEART WREATH,18,155.6,11,7,1.6363636363636365
JADE CRYSTAL+GLASS BRACELET,6,29.93,6,1,1.0
JADE DROP EARRINGS W FILIGREE,42,209.10000000000002,25,5,1.68
JADE GREEN ENAMEL HAIR COMB,14,28.02,10,0,1.4
JAM CLOCK MAGNET,330,943.9200000000001,68,50,4.852941176470588
JAM JAR WITH BLUE LID,24,17.28,1,1,24.0
JAM JAR WITH GREEN LID,3267,2761.56,306,165,10.676470588235293
JAM JAR WITH PINK LID,3904,3294.91,342,180,11.415204678362572
JAM MAKING SET PRINTED,16412,25660.98,1162,537,14.123924268502583
JAM MAKING SET WITH JARS,8706,37128.88,1132,573,7.690812720848056
JARDIN ETCHED GLASS BUTTER DISH,1,7.25,1,1,1.0
JARDIN ETCHED GLASS CHEESE DISH,221,579.35,40,37,5.525
JARDIN ETCHED GLASS FRUITBOWL,124,635.74,39,32,3.1794871794871793
JARDIN ETCHED GLASS LARGE BELL JAR,38,167.70000000000002,13,12,2.923076923076923
JARDIN ETCHED GLASS SMALL BELL JAR,45,171.11,9,8,5.0
JASMINE VOTIVE CANDLE,338,90.33999999999999,12,11,28.166666666666668
JAZZ HEARTS ADDRESS BOOK,3194,727.46,225,124,14.195555555555556
JAZZ HEARTS PURSE NOTEBOOK,4451,1965.81,277,162,16.068592057761734
JET BLACK LAS VEGAS BRACELET ROUND,10,37.62,8,1,1.25
JET BLACK LAS VEGAS NECKLACE 45CM,9,53.260000000000005,6,2,1.5
JIGSAW RABBIT AND BIRDHOUSE,597,607.7299999999999,105,70,5.685714285714286
JIGSAW TOADSTOOLS 3 PIECE,690,604.4599999999999,83,54,8.313253012048193
JIGSAW TREE WITH BIRDHOUSE,1000,1029.76,144,93,6.944444444444445
JIGSAW TREE WITH WATERING CAN,1048,480.91999999999996,101,50,10.376237623762377
JINGLE BELL HEART ANTIQUE GOLD,782,1680.48,102,78,7.666666666666667
JINGLE BELL HEART ANTIQUE SILVER,3567,7044.64,210,162,16.985714285714284
JINGLE BELL HEART DECORATION,3828,6472.36,356,223,10.752808988764045
JINGLE BELLS TREE DECORATION,203,415.77,76,11,2.6710526315789473
JOY LARGE WOOD LETTERS,39,236.17,16,14,2.4375
JOY WOODEN BLOCK LETTERS,232,901.46,89,67,2.606741573033708
JUMBO  BAG BAROQUE BLACK WHITE,13922,28092.2,933,306,14.921757770632368
JUMBO BAG 50'S CHRISTMAS ,10306,23815.75,716,391,14.393854748603353
JUMBO BAG ALPHABET,13379,27890.170000000002,906,396,14.76710816777042
JUMBO BAG APPLES,14920,30475.65,978,344,15.25562372188139
JUMBO BAG CHARLIE AND LOLA TOYS,1933,4853.81,300,75,6.443333333333333
JUMBO BAG DOILEY PATTERNS,8895,17272.85,514,299,17.30544747081712
JUMBO BAG DOLLY GIRL DESIGN,3420,7053.28,450,171,7.6
JUMBO BAG OWLS,11444,23030.96,657,207,17.41856925418569
JUMBO BAG PAISLEY PARK,5035,11613.03,338,230,14.896449704142011
JUMBO BAG PEARS,7071,14197.28,595,262,11.884033613445379
JUMBO BAG PINK POLKADOT,21465,42436.24,1218,372,17.623152709359605
JUMBO BAG PINK VINTAGE PAISLEY,11007,23181.14,865,308,12.72485549132948
JUMBO BAG RED RETROSPOT,48474,94340.05,2089,635,23.20440402106271
JUMBO BAG SCANDINAVIAN BLUE PAISLEY,8414,17245.93,662,232,12.709969788519638
JUMBO BAG SCANDINAVIAN PAISLEY,2059,3908.62,144,76,14.29861111111111
JUMBO BAG SPACEBOY DESIGN,8671,17081.86,686,247,12.639941690962099
JUMBO BAG STRAWBERRY,17319,32802.53,822,315,21.06934306569343
JUMBO BAG TOYS ,5007,11014.62,522,152,9.591954022988507
JUMBO BAG VINTAGE CHRISTMAS ,6081,13978.95,476,286,12.775210084033613
JUMBO BAG VINTAGE DOILEY ,144,272.57,7,6,20.571428571428573
JUMBO BAG VINTAGE DOILY ,11464,24522.36,711,363,16.123769338959214
JUMBO BAG VINTAGE LEAF,10962,21852.81,879,377,12.47098976109215
JUMBO BAG WOODLAND ANIMALS,9773,22092.42,863,248,11.324449594438008
JUMBO SHOPPER VINTAGE RED PAISLEY,12602,28634.95,1175,375,10.725106382978723
JUMBO STORAGE BAG SKULLS,6450,14031.16,705,220,9.148936170212766
JUMBO STORAGE BAG SUKI,13654,30770.12,1184,333,11.532094594594595
JUNGLE POPSICLES ICE LOLLY HOLDERS,141,199.99,29,15,4.862068965517241
JUNGLE POPSICLES ICE LOLLY MOULDS,962,1341.3700000000001,153,74,6.287581699346405
KEEP CALM BIRTHDAY WRAP,50,21.0,2,2,25.0
KEEP CALM WALL ART ,269,2015.97,20,19,13.45
KEEP OUT BOYS DOOR HANGER ,144,231.36999999999998,43,25,3.3488372093023258
KEEP OUT GIRLS DOOR HANGER ,1,3.36,1,0,1.0
KEY CABINET MA CAMPAGNE,207,2186.27,108,76,1.9166666666666667
"KEY FOB , BACK DOOR ",1832,1280.49,308,143,5.9480519480519485
"KEY FOB , FRONT  DOOR ",1975,1270.8200000000002,210,114,9.404761904761905
"KEY FOB , GARAGE DESIGN",1904,1193.46,131,89,14.534351145038167
"KEY FOB , SHED",3234,2201.07,372,166,8.693548387096774
KEY RING BASEBALL BOOT ASSORTED ,1631,2044.58,98,76,16.642857142857142
KEY RING BASEBALL BOOT UNION JACK,1823,2220.37,112,77,16.276785714285715
KIDS CUTLERY DOLLY GIRL ,36,149.4,8,8,4.5
KIDS CUTLERY SPACEBOY ,36,149.4,8,8,4.5
KIDS RAIN MAC BLUE,1297,1032.6399999999999,85,59,15.258823529411766
KIDS RAIN MAC PINK,928,806.1999999999999,92,55,10.08695652173913
KINGS CHOICE BISCUIT TIN,468,2175.04,180,69,2.6
KINGS CHOICE GIANT TUBE MATCHES,743,1721.85,67,54,11.08955223880597
KINGS CHOICE MUG,2055,2429.38,148,83,13.885135135135135
KINGS CHOICE TEA CADDY ,700,2557.1200000000003,255,87,2.7450980392156863
KITCHEN FLOWER POTS WALL PLAQUE,116,619.59,83,11,1.3975903614457832
KITCHEN METAL SIGN,2060,1218.95,305,142,6.754098360655738
KITTENS DESIGN FLANNEL,337,310.19,100,24,3.37
KITTY PENCIL ERASERS,1438,320.09,136,59,10.573529411764707
KNEELING MAT HOUSEWORK  DESIGN,1544,2194.62,230,140,6.71304347826087
KNICKERBOCKERGLORY MAGNET ASSORTED ,2233,1914.7299999999998,135,84,16.54074074074074
KNITTED RABBIT DOLL ,26,42.9,2,1,13.0
KNITTED UNION FLAG HOT WATER BOTTLE,3323,16164.04,459,211,7.239651416122005
LA JARDIN BOTANIQUE CUSHION COVER,88,379.28,28,23,3.142857142857143
LA PALMIERA TILE COASTER,709,276.53,34,25,20.852941176470587
LA PALMIERA TILE HOOK,48,52.25,14,9,3.4285714285714284
LA PALMIERA WALL THERMOMETER,15,38.25,10,8,1.5
LADIES & GENTLEMEN METAL SIGN,4039,9388.53,478,196,8.44979079497908
LADLE LOVE HEART PINK,39,24.98,13,3,3.0
LADLE LOVE HEART RED ,24,17.82,9,1,2.6666666666666665
LADS ONLY TISSUE BOX,1650,1610.41,143,72,11.538461538461538
LADYBIRD + BEE RAFFIA FOOD COVER,123,476.41,37,29,3.324324324324324
LANDMARK FRAME BAKER STREET ,350,3930.27,32,25,10.9375
LANDMARK FRAME CAMDEN TOWN ,569,6457.15,68,50,8.367647058823529
LANDMARK FRAME COVENT GARDEN ,439,4974.51,53,46,8.283018867924529
LANDMARK FRAME LONDON BRIDGE ,418,4741.37,52,43,8.038461538461538
LANDMARK FRAME NOTTING HILL ,424,4818.07,50,45,8.48
LANDMARK FRAME OXFORD STREET,424,4830.53,57,49,7.43859649122807
LANTERN CREAM GAZEBO ,1281,6405.54,299,192,4.2842809364548495
LARGE  TALL CAMPHOR WOOD TOADSTOOL ,37,197.81,17,13,2.176470588235294
LARGE ANTIQUE WHITE PHOTO FRAME,525,3773.5800000000004,135,96,3.888888888888889
LARGE APOTHECARY MEASURING JAR ,51,612.1600000000001,21,19,2.4285714285714284
LARGE BLACK DIAMANTE HAIRSLIDE,4,6.6,1,1,4.0
LARGE BLUE PROVENCAL CERAMIC BALL,49,113.05000000000001,11,6,4.454545454545454
LARGE BONNE JAM JAR  T-LIGHT HOLDER,255,667.8500000000001,11,8,23.181818181818183
LARGE CAKE STAND  HANGING STRAWBERY,583,4228.01,146,86,3.993150684931507
LARGE CAKE STAND HANGING HEARTS,233,1118.95,34,31,6.852941176470588
LARGE CAKE TOWEL CHOCOLATE SPOTS,926,2663.62,104,51,8.903846153846153
LARGE CAKE TOWEL PINK SPOTS,1106,3822.45,134,62,8.253731343283581
"LARGE CAKE TOWEL, CHOCOLATE SPOTS",11,101.53,8,4,1.375
LARGE CAMPHOR WOOD FIELD MUSHROOM ,43,315.27,27,9,1.5925925925925926
LARGE CERAMIC TOP STORAGE JAR,3118,5147.66,280,167,11.135714285714286
LARGE CHINESE STYLE SCISSOR,1273,1053.45,65,41,19.584615384615386
LARGE CIRCULAR MIRROR MOBILE,7114,6827.98,205,71,34.702439024390245
LARGE CRYSTAL DIAMANTE HAIRSLIDE,29,48.209999999999994,15,3,1.9333333333333333
LARGE DECO JEWELLERY STAND,264,3314.94,95,77,2.778947368421053
LARGE HANGING IVORY & RED WOOD BIRD,977,663.4300000000001,95,52,10.284210526315789
LARGE HEART FLOWERS HOOK   ,2,4.92,1,0,2.0
LARGE HEART MEASURING SPOONS,1979,3725.6099999999997,373,148,5.305630026809651
LARGE IVORY HEART WALL ORGANISER,782,5525.4,155,94,5.04516129032258
LARGE JEWELLERY STAND,10,125.0,4,4,2.5
LARGE MEDINA STAMPED METAL BOWL ,182,930.96,55,42,3.309090909090909
LARGE MINT DIAMANTE HAIRSLIDE,31,51.51,16,6,1.9375
LARGE PARLOUR FRAME,27,122.85,2,2,13.5
LARGE PARLOUR PICTURE FRAME,86,431.98,29,25,2.9655172413793105
LARGE PINK GLASS SUNDAE DISH,1013,1157.8,81,47,12.506172839506172
LARGE POPCORN HOLDER ,1025,1870.9099999999999,86,42,11.918604651162791
LARGE PURPLE BABUSHKA NOTEBOOK  ,1197,1112.75,178,85,6.724719101123595
LARGE RED BABUSHKA NOTEBOOK ,1097,1168.99,163,81,6.730061349693251
LARGE RED RETROSPOT WINDMILL,1963,3877.09,140,80,14.021428571428572
LARGE ROUND CUTGLASS CANDLESTICK,2,27.14,1,0,2.0
LARGE ROUND WICKER PLATTER ,195,1173.53,91,75,2.142857142857143
LARGE SKULL WINDMILL,91,209.61,24,15,3.7916666666666665
LARGE STRIPES CHOCOLATE GIFT BAG,567,708.75,49,19,11.571428571428571
LARGE TAHITI BEACH BAG,2,17.82,2,0,1.0
LARGE TORTILLA DESIGN RED BOWL,78,154.67999999999998,22,8,3.5454545454545454
LARGE WHITE HEART OF WICKER,3085,8925.410000000002,562,350,5.48932384341637
LARGE WHITE HONEYCOMB PAPER BELL  ,562,1451.82,95,38,5.91578947368421
LARGE WHITE/PINK ROSE ART FLOWER,360,639.36,22,20,16.363636363636363
LARGE YELLOW BABUSHKA NOTEBOOK ,599,656.52,123,68,4.869918699186992
LARGE ZINC GLASS CANDLEHOLDER,34,116.06,11,3,3.090909090909091
LARGE ZINC HEART WALL ORGANISER,1065,6431.110000000001,38,29,28.026315789473685
LASER CUT MULTI STRAND NECKLACE,1,11.95,1,1,1.0
LAUNDRY 15C METAL SIGN,2918,4542.889999999999,351,156,8.313390313390313
LAUREL HEART ANTIQUE GOLD,525,630.73,44,32,11.931818181818182
LAUREL HEART ANTIQUE SILVER,1309,1613.82,97,64,13.494845360824742
LAUREL STAR ANTIQUE GOLD,379,483.03,40,27,9.475
LAUREL STAR ANTIQUE SILVER ,430,568.6,61,41,7.049180327868853
LAVENDER INCENSE 40 CONES IN TIN,109,107.44999999999999,10,9,10.9
LAVENDER INCENSE IN TIN,172,99.29,25,19,6.88
LAVENDER SCENT CAKE CANDLE,624,165.6,17,12,36.705882352941174
LAVENDER SCENTED FABRIC HEART,1366,1809.33,138,105,9.898550724637682
LAVENDER TOILETTE BOTTLE,558,1168.08,79,55,7.063291139240507
LAZER CUT NECKLACE W PASTEL BEADS,57,421.75,5,5,11.4
LE GRAND TRAY CHIC SET,152,1924.92,79,65,1.9240506329113924
LE JARDIN BOTANIQUE CUSHION COVER,566,2371.25,166,114,3.4096385542168677
LEAVES MAGNETIC  SHOPPING LIST,24,34.8,2,2,12.0
LED TEA LIGHTS,635,1829.65,65,54,9.76923076923077
LETS GO SHOPPING COTTON TOTE BAG,252,585.34,78,40,3.230769230769231
"LETTER ""A"" BLING KEY RING",130,111.66,56,5,2.3214285714285716
"LETTER ""B"" BLING KEY RING",37,24.77,22,2,1.6818181818181819
"LETTER ""C"" BLING KEY RING",91,72.77,33,7,2.757575757575758
"LETTER ""D"" BLING KEY RING",68,49.9,32,5,2.125
"LETTER ""E"" BLING KEY RING",72,53.199999999999996,30,6,2.4
"LETTER ""F"" BLING KEY RING",27,15.429999999999998,15,2,1.8
"LETTER ""G"" BLING KEY RING",60,40.199999999999996,30,5,2.0
"LETTER ""H"" BLING KEY RING",48,36.76,30,4,1.6
"LETTER ""I"" BLING KEY RING",38,29.619999999999997,13,3,2.923076923076923
"LETTER ""J"" BLING KEY RING",71,57.21,41,3,1.7317073170731707
"LETTER ""K"" BLING KEY RING",78,60.699999999999996,38,6,2.0526315789473686
"LETTER ""L"" BLING KEY RING",94,65.03999999999999,37,4,2.5405405405405403
"LETTER ""M"" BLING KEY RING",60,49.82,28,3,2.142857142857143
"LETTER ""N"" BLING KEY RING",41,29.23,24,3,1.7083333333333333
"LETTER ""O"" BLING KEY RING",16,6.819999999999999,5,1,3.2
"LETTER ""P"" BLING KEY RING",39,20.229999999999997,16,4,2.4375
"LETTER ""R"" BLING KEY RING",41,28.009999999999998,25,3,1.64
"LETTER ""S"" BLING KEY RING",94,71.0,41,5,2.292682926829268
"LETTER ""T"" BLING KEY RING",24,13.459999999999999,11,1,2.1818181818181817
"LETTER ""U"" BLING KEY RING",12,3.4799999999999995,1,1,12.0
"LETTER ""V"" BLING KEY RING",26,15.979999999999999,14,2,1.8571428571428572
"LETTER ""W"" BLING KEY RING",16,6.819999999999999,5,1,3.2
"LETTER ""Y"" BLING KEY RING",66,22.839999999999996,8,3,8.25
"LETTER ""Z"" BLING KEY RING",22,11.84,10,1,2.2
LETTER HOLDER HOME SWEET HOME,626,2207.86,134,80,4.6716417910447765
LETTER SHAPE PENCIL SHARPENER,3333,234.0,45,38,74.06666666666666
LIGHT DECORATION BATTERY OPERATED,2,4.2,1,1,2.0
LIGHT GARLAND BUTTERFILES PINK,1346,5044.34,132,82,10.196969696969697
LIGHT PINK FLOCK GLASS CANDLEHOLDER,36,13.680000000000003,3,2,12.0
LIGHT TOPAZ TEAL/AQUA COL NECKLACE,3,15.16,3,0,1.0
LIGHTHOUSE PRINTED METAL SIGN,6,29.700000000000003,3,3,2.0
LILAC DIAMANTE PEN IN GIFT BOX,141,454.99,63,12,2.238095238095238
LILAC FEATHERS CURTAIN,12,9.48,1,1,12.0
LILAC GAUZE BUTTERFLY LAMPSHADE,24,10.08,6,6,4.0
LILAC VOTIVE CANDLE,72,15.120000000000001,3,3,24.0
LILY BROOCH AMETHYST COLOUR,15,74.25,8,7,1.875
LILY BROOCH OLIVE COLOUR,20,99.60000000000001,15,6,1.3333333333333333
LILY BROOCH WHITE/SILVER COLOUR,1,4.95,1,0,1.0
LIPSTICK PEN BABY PINK,1334,611.72,126,55,10.587301587301587
LIPSTICK PEN FUSCHIA,2598,1347.52,213,80,12.19718309859155
LIPSTICK PEN RED,3347,1676.8799999999999,272,94,12.305147058823529
LITTLE GREEN MONSTER SOFT TOY,21,53.55,11,8,1.9090909090909092
LITTLE PINK MONSTER SOFT TOY,17,43.349999999999994,8,7,2.125
LOCAL CAFE MUG,676,1057.71,116,38,5.827586206896552
LOLITA  DESIGN  COTTON TOTE BAG,178,414.22,50,30,3.56
LONG SILVER NECKLACE PASTEL FLOWER,9,114.48,6,5,1.5
LOVE BUILDING BLOCK WORD,2034,12572.710000000001,629,337,3.233704292527822
LOVE GARLAND PAINTED ZINC ,453,827.6299999999999,78,37,5.8076923076923075
LOVE HEART NAPKIN BOX ,175,843.95,66,42,2.6515151515151514
LOVE HEART POCKET WARMER,2703,1865.6299999999999,120,72,22.525
LOVE HEART SOCK HANGER,379,680.93,84,37,4.511904761904762
LOVE HEART TRINKET POT,2255,1051.05,135,99,16.703703703703702
LOVE HOT WATER BOTTLE,2386,13494.970000000001,476,316,5.012605042016807
LOVE LARGE WOOD LETTERS ,106,1505.96,69,42,1.536231884057971
LOVE POTION MASALA INCENSE,225,47.25,8,8,28.125
LOVE SEAT ANTIQUE WHITE METAL,58,6210.0,41,33,1.4146341463414633
LOVEBIRD HANGING DECORATION WHITE ,4138,4037.9799999999996,544,190,7.606617647058823
LOVELY BONBON STICKER SHEET,345,307.44,58,29,5.948275862068965
LUNCH BAG  BLACK SKULL.,12240,22421.21,1273,458,9.615082482325215
LUNCH BAG ALPHABET DESIGN,7851,13360.2,740,377,10.60945945945946
LUNCH BAG APPLE DESIGN,12183,20911.98,1036,401,11.75965250965251
LUNCH BAG CARS BLUE,11817,21750.63,1150,479,10.275652173913043
LUNCH BAG DOILEY PATTERN ,6556,10510.44,492,290,13.325203252032521
LUNCH BAG DOLLY GIRL DESIGN,6724,11090.58,682,310,9.859237536656892
LUNCH BAG PAISLEY PARK  ,3395,5513.83,325,233,10.446153846153846
LUNCH BAG PINK POLKADOT,10515,17435.19,1090,444,9.646788990825687
LUNCH BAG RED RETROSPOT,19353,35752.01,1564,532,12.374040920716112
LUNCH BAG RED SPOTTY,200,290.0,1,1,200.0
LUNCH BAG RED VINTAGE DOILY,1577,2526.69,132,105,11.946969696969697
LUNCH BAG SPACEBOY DESIGN ,10464,18092.36,1157,490,9.044079515989628
LUNCH BAG SUKI  DESIGN ,2220,3791.86,200,122,11.1
LUNCH BAG SUKI DESIGN ,10332,18750.579999999998,1084,399,9.531365313653136
LUNCH BAG VINTAGE DOILEY ,71,119.63,5,4,14.2
LUNCH BAG VINTAGE DOILY ,6562,10820.1,601,319,10.918469217970049
LUNCH BAG VINTAGE LEAF DESIGN,6342,10498.01,668,305,9.494011976047904
LUNCH BAG WOODLAND,9933,18323.38,1017,372,9.766961651917404
LUNCH BOX I LOVE LONDON,11523,20818.7,707,213,16.298444130127297
LUNCH BOX WITH CUTLERY FAIRY CAKES ,61,155.54999999999998,24,23,2.5416666666666665
LUNCH BOX WITH CUTLERY RETROSPOT ,3093,7873.719999999999,482,185,6.41701244813278
LUSH GREENS RIBBONS,56,72.42,15,13,3.7333333333333334
M/COLOUR POM-POM CURTAIN,2,8.5,1,1,2.0
MA CAMPAGNE CUTLERY BOX,169,2676.75,101,51,1.6732673267326732
MADRAS NOTEBOOK LARGE ,271,374.96000000000004,16,15,16.9375
MADRAS NOTEBOOK MEDIUM,919,709.66,73,60,12.58904109589041
MAGAZINE RACK GEBRA ASSORTED ,199,257.75,18,16,11.055555555555555
MAGIC DRAWING SLATE BAKE A CAKE ,1787,646.49,88,68,20.306818181818183
MAGIC DRAWING SLATE BUNNIES ,1766,671.01,134,88,13.17910447761194
MAGIC DRAWING SLATE CIRCUS PARADE  ,3384,1413.25,200,127,16.92
MAGIC DRAWING SLATE DINOSAUR,1931,844.84,171,115,11.292397660818713
MAGIC DRAWING SLATE DOLLY GIRL ,3631,1517.72,233,143,15.583690987124463
MAGIC DRAWING SLATE GO TO THE FAIR ,853,349.87,70,52,12.185714285714285
MAGIC DRAWING SLATE LEAP FROG ,1072,366.75,73,54,14.684931506849315
MAGIC DRAWING SLATE PURDEY,4755,1805.21,156,109,30.48076923076923
MAGIC DRAWING SLATE SPACEBOY ,4496,1871.12,261,172,17.226053639846743
MAGIC GARDEN FELT GARLAND ,419,939.3699999999999,89,30,4.707865168539326
MAGIC SHEEP WOOL GROWING FROM PAPER,1265,1283.99,115,78,11.0
MAGIC TREE -PAPER FLOWERS,919,849.55,105,46,8.752380952380953
MAGNETS PACK OF 4 CHILDHOOD MEMORY,1152,1347.08,98,71,11.755102040816327
MAGNETS PACK OF 4 HOME SWEET HOME,1400,731.82,150,112,9.333333333333334
MAGNETS PACK OF 4 RETRO PHOTO,1232,634.43,128,87,9.625
MAGNETS PACK OF 4 SWALLOWS,2576,1589.51,248,167,10.387096774193548
MAGNETS PACK OF 4 VINTAGE COLLAGE,1723,1035.58,151,107,11.410596026490067
MAGNETS PACK OF 4 VINTAGE LABELS ,1323,689.67,125,72,10.584
MAKE YOUR OWN FLOWERPOWER CARD KIT,934,2420.34,206,115,4.533980582524272
MAKE YOUR OWN MONSOON CARD KIT,870,2091.5400000000004,172,123,5.058139534883721
MAKE YOUR OWN PLAYTIME CARD KIT,643,1333.21,101,77,6.366336633663367
MAN FLU METAL SIGN,1162,2494.3300000000004,180,113,6.455555555555556
MARIE ANTOIENETT TRINKET BOX GOLD,1,12.5,1,1,1.0
MARIE ANTOINETTE TRINKET BOX GOLD,318,1242.6,18,15,17.666666666666668
MARIE ANTOINETTE TRINKET BOX SILVER,334,1273.76,30,21,11.133333333333333
MAXWELL 2 TONE BLUE 60 PAGE PHOTO A,7,7.85,2,2,3.5
MEASURING TAPE BABUSHKA BLUE,444,1191.69,78,38,5.6923076923076925
MEASURING TAPE BABUSHKA PINK,746,1831.1100000000001,144,53,5.180555555555555
MEASURING TAPE BABUSHKA RED,290,827.82,41,31,7.073170731707317
MEDINA STAMPED METAL STOOL,35,1351.64,20,6,1.75
MEDIUM CERAMIC TOP STORAGE JAR,78033,81700.92000000001,247,138,315.9230769230769
MEDIUM CHINESE STYLE SCISSOR,662,289.98,24,19,27.583333333333332
MEDIUM MEDINA STAMPED METAL BOWL ,310,948.7000000000002,58,39,5.344827586206897
MEDIUM PARLOUR FRAME ,22,84.1,2,2,11.0
MEDIUM PARLOUR PICTURE FRAME ,136,550.0,34,31,4.0
MEDIUM PINK BUDDHA HEAD ,55,185.45000000000002,21,13,2.619047619047619
MEDIUM WHITE/PINK ROSE ART FLOWER,127,174.31,11,11,11.545454545454545
MEMO BOARD COTTAGE DESIGN,1461,7104.22,311,186,4.697749196141479
MEMO BOARD RETROSPOT  DESIGN,2960,14193.35,459,230,6.44880174291939
METAL 4 HOOK HANGER FRENCH CHATEAU,2446,7773.7,493,210,4.9614604462474645
METAL BASE FOR CANDLES,11,4.62,2,2,5.5
METAL DECORATION NAUGHTY CHILDREN ,1601,1604.99,136,69,11.772058823529411
METAL HERB GERDEN CONTAINER,24,139.68,5,5,4.8
METAL MERRY CHRISTMAS WREATH,639,1222.07,90,61,7.1
METAL RABBIT LADDER EASTER ,74,62.9,16,14,4.625
METAL SIGN CUPCAKE SINGLE HOOK,697,535.49,111,43,6.2792792792792795
METAL SIGN DROP YOUR PANTS,1277,3450.21,206,126,6.199029126213592
METAL SIGN EMPIRE TEA,1549,2020.91,228,152,6.793859649122807
METAL SIGN HER DINNER IS SERVED ,1320,3896.4500000000003,95,58,13.894736842105264
METAL SIGN HIS DINNER IS SERVED,575,620.42,148,65,3.885135135135135
METAL SIGN NEIGHBOURHOOD WITCH ,914,1938.15,147,73,6.217687074829932
METAL SIGN TAKE IT OR LEAVE IT ,3777,11104.79,412,228,9.16747572815534
"METAL SIGN,CUPCAKE SINGLE HOOK",1204,1064.55,145,50,8.303448275862069
METAL TUBE CHIME ON BAMBOO,490,529.21,15,13,32.666666666666664
METALIC LEAVES BAG CHARMS,84,207.60999999999999,36,3,2.3333333333333335
MIDNIGHT BLUE COPPER FLOWER NECKLAC,11,67.83,7,2,1.5714285714285714
MIDNIGHT BLUE CRYSTAL DROP EARRINGS,6,17.509999999999998,6,1,1.0
MIDNIGHT BLUE DROP CRYSTAL NECKLACE,11,53.760000000000005,5,2,2.2
MIDNIGHT BLUE GLASS/SILVER BRACELET,18,167.3,15,5,1.2
MIDNIGHT BLUE PAIR HEART HAIR SLIDE,32,119.84,24,5,1.3333333333333333
MIDNIGHT BLUE VINTAGE EARRINGS,52,195.32,32,3,1.625
MIDNIGHT GLAMOUR SCARF KNITTING KIT,324,501.44,85,40,3.8117647058823527
MILK BOTTLE WITH GLASS STOPPER ,30,223.46,17,11,1.7647058823529411
MILK MAIDS MUG ,219,393.59,33,23,6.636363636363637
MILK PAN BLUE POLKADOT,197,669.54,79,23,2.4936708860759493
MILK PAN PINK POLKADOT,64,319.35,37,16,1.7297297297297298
MILK PAN RED RETROSPOT,403,1483.13,145,75,2.779310344827586
MINI  ZINC GARDEN DECORATIONS ,841,334.03,33,23,25.484848484848484
MINI CAKE STAND  HANGING STRAWBERY,1377,2086.49,220,102,6.259090909090909
MINI CAKE STAND T-LIGHT HOLDER,1872,931.02,142,45,13.183098591549296
MINI CAKE STAND WITH HANGING CAKES,1361,1986.24,183,93,7.437158469945355
MINI FUNKY DESIGN TAPES,1296,994.84,91,49,14.241758241758241
MINI HIGHLIGHTER PENS,840,100.79999999999998,4,4,210.0
MINI JIGSAW BAKE A CAKE ,1455,531.64,55,32,26.454545454545453
MINI JIGSAW BUNNIES,1143,436.09,75,40,15.24
MINI JIGSAW CIRCUS PARADE ,2519,960.86,91,50,27.681318681318682
MINI JIGSAW DINOSAUR ,809,338.23,101,41,8.009900990099009
MINI JIGSAW DOLLY GIRL,2921,1130.58,136,74,21.477941176470587
MINI JIGSAW GO TO THE FAIR,403,164.84,40,25,10.075
MINI JIGSAW LEAP FROG,504,202.37,35,19,14.4
MINI JIGSAW PURDEY,2104,800.4,86,50,24.46511627906977
MINI JIGSAW SPACEBOY,4521,1716.1799999999998,175,101,25.834285714285713
MINI LADLE LOVE HEART PINK,529,297.82,166,20,3.1867469879518073
MINI LADLE LOVE HEART RED ,866,401.59999999999997,153,28,5.660130718954249
MINI LIGHTS WOODLAND MUSHROOMS,1800,6726.64,215,143,8.372093023255815
MINI PAINT SET VINTAGE ,26633,16937.82,380,213,70.08684210526316
MINI PAINTED GARDEN DECORATION ,2476,761.4,79,60,31.341772151898734
MINI PLAYING CARDS BUFFALO BILL ,2884,1156.51,119,91,24.235294117647058
MINI PLAYING CARDS DOLLY GIRL ,2631,1165.13,120,95,21.925
MINI PLAYING CARDS FUN FAIR ,1065,452.72,65,51,16.384615384615383
MINI PLAYING CARDS GYMKHANA,2522,1119.22,120,90,21.016666666666666
MINI PLAYING CARDS SPACEBOY ,2747,1139.2,146,114,18.815068493150687
MINI WOODEN HAPPY BIRTHDAY GARLAND,1815,3138.0,224,88,8.102678571428571
MINIATURE ANTIQUE ROSE HOOK IVORY,2096,1779.6599999999999,243,142,8.62551440329218
MINITURE ANTIQUE ROSE HOOK IVORY,48,40.8,4,4,12.0
MINT DINER CLOCK,2,17.0,1,1,2.0
MINT DINER WALL CLOCK,373,3176.41,162,104,2.302469135802469
MINT GREEN ROSE TOWEL,196,754.07,86,19,2.2790697674418605
MINT KITCHEN SCALES,855,7547.39,357,193,2.3949579831932772
MIRROR CORNICE,94,1515.68,62,44,1.5161290322580645
MIRROR LOVE BIRD T-LIGHT HOLDER,144,255.0,12,7,12.0
MIRROR MOSAIC CANDLE PLATE,288,343.71,59,9,4.88135593220339
MIRROR MOSAIC GOBLET CANDLE HOLDER,574,847.82,33,9,17.393939393939394
MIRROR MOSAIC HURRICANE LAMP ,349,898.38,47,9,7.425531914893617
MIRROR MOSAIC T-LIGHT HOLDER ,1622,831.84,31,13,52.32258064516129
MIRROR MOSAIC T-LIGHT HOLDER ROUND,1260,928.04,26,12,48.46153846153846
MIRROR MOSAIC VOTIVE HOLDER,1438,2053.17,69,21,20.840579710144926
MIRRORED DISCO BALL ,651,3446.9500000000003,134,77,4.858208955223881
MIRRORED DOVE WALL DECORATION,116,276.72,24,14,4.833333333333333
MIRRORED WALL ART FOXY,16,100.66000000000001,9,7,1.7777777777777777
MIRRORED WALL ART GENTS,171,199.48999999999998,43,29,3.9767441860465116
MIRRORED WALL ART LADIES,164,144.03,33,25,4.96969696969697
MIRRORED WALL ART PHOTO FRAMES,89,470.16999999999996,46,9,1.934782608695652
MIRRORED WALL ART POPPIES,287,319.71,38,27,7.552631578947368
MIRRORED WALL ART SKULLS,304,463.79,46,37,6.608695652173913
MIRRORED WALL ART SNOWFLAKES,512,389.04,47,41,10.893617021276595
MIRRORED WALL ART SPLODGES,101,161.49,16,12,6.3125
MIRRORED WALL ART STARS,363,447.09000000000003,52,35,6.980769230769231
MIRRORED WALL ART TABLE LAMP,75,107.75,33,18,2.272727272727273
MISELTOE HEART WREATH ,80,312.8,5,5,16.0
MISELTOE HEART WREATH CREAM,240,996.0000000000001,1,1,240.0
MISELTOE HEART WREATH WHITE,78,304.5,4,4,19.5
MISTLETOE HEART WREATH CREAM,625,2539.63,110,86,5.681818181818182
MISTLETOE HEART WREATH GREEN,882,3676.1800000000003,179,135,4.927374301675978
MIXED NUTS LIGHT GREEN BOWL,568,296.45,68,21,8.352941176470589
MOBILE VINTAGE HEARTS ,250,1151.3,93,49,2.6881720430107525
MOCK LOBSTER FRIDGE MAGNET,296,164.17,45,22,6.5777777777777775
MODERN FLORAL STATIONERY SET,1679,2880.45,366,127,4.587431693989071
MODERN VINTAGE COTTON SHOPPING BAG,22,29.7,8,8,2.75
MONEY BOX BISCUITS DESIGN,228,299.72,57,36,4.0
MONEY BOX CONFECTIONERY DESIGN,146,163.69,29,20,5.0344827586206895
MONEY BOX FIRST ADE DESIGN,51,63.75,13,11,3.923076923076923
MONEY BOX FIRST AID DESIGN,44,36.78,11,9,4.0
MONEY BOX HOUSEKEEPING DESIGN,237,247.42000000000002,58,34,4.086206896551724
MONEY BOX KINGS CHOICE DESIGN,346,403.46,84,49,4.119047619047619
MONEY BOX POCKET MONEY DESIGN,374,417.86,70,46,5.3428571428571425
MONSTERS STENCIL CRAFT,1421,1773.3700000000001,211,149,6.734597156398104
MONTANA DIAMOND CLUSTER EARRINGS,9,24.119999999999997,4,1,2.25
MONTANA DIAMOND CLUSTER NECKLACE,4,37.66,3,0,1.3333333333333333
MOODY BOY  DOOR HANGER ,1127,602.18,124,73,9.088709677419354
MOODY GIRL DOOR HANGER ,1474,783.8199999999999,170,103,8.670588235294117
MOP PENDANT SHELL NECKLACE,10,49.64,4,3,2.5
MORE BUTTER METAL SIGN ,761,823.71,160,84,4.75625
MOROCCAN BEATEN METAL DISH,15,160.09,6,5,2.5
MOROCCAN BEATEN METAL DISH LARGE,12,165.74,8,7,1.5
MOROCCAN BEATEN METAL MIRROR,19,268.1,13,8,1.4615384615384615
MOROCCAN TEA GLASS,4186,3377.74,125,69,33.488
MOTHER'S KITCHEN SPOON REST ,226,967.17,84,45,2.6904761904761907
MOTORING TISSUE BOX,1835,824.08,160,114,11.46875
MOUSE TOY WITH PINK T-SHIRT,390,1486.18,165,91,2.3636363636363638
MOUSEY LONG LEGS SOFT TOY,97,266.03,41,11,2.3658536585365852
MR ROBOT SOFT TOY,216,697.7,44,38,4.909090909090909
MRS ROBOT SOFT TOY,143,428.85,28,27,5.107142857142857
"MUG , DOTCOMGIFTSHOP.COM ",5,4.17,5,0,1.0
MULTI COLOUR SILVER T-LIGHT HOLDER,10557,8754.63,347,208,30.423631123919307
MULTI HEARTS  STICKERS,237,204.69,42,29,5.642857142857143
MULTICOLOUR  CONFETTI IN TUBE,284,382.9599999999999,27,13,10.518518518518519
MULTICOLOUR 3D BALLS GARLAND,253,677.1899999999999,68,43,3.7205882352941178
MULTICOLOUR EASTER RABBIT ,20,39.0,4,4,5.0
MULTICOLOUR HONEYCOMB FAN,1224,886.24,89,48,13.752808988764045
MULTICOLOUR HONEYCOMB PAPER GARLAND,1119,1531.1399999999999,75,33,14.92
MULTICOLOUR POLKADOT PLATE,29,30.43,3,1,9.666666666666666
MULTICOLOUR RABBIT EGG WARMER,319,292.07,70,23,4.557142857142857
MULTICOLOUR SPRING FLOWER MUG,2544,1695.86,135,59,18.844444444444445
MUM'S KITCHEN CLOCK,122,621.09,49,29,2.489795918367347
MUMMY MOUSE RED GINGHAM RIBBON,1,5.45,1,1,1.0
MURANO STYLE GLASS BRACELET BLACK,18,66.7,11,2,1.6363636363636365
MURANO STYLE GLASS BRACELET GOLD,15,54.42,10,3,1.5
MURANO STYLE GLASS BRACELET RED,14,54.290000000000006,5,2,2.8
MUSICAL ZINC HEART DECORATION ,2764,1179.8799999999999,176,90,15.704545454545455
N0 SINGING METAL SIGN,1225,2639.42,49,30,25.0
NAMASTE SWAGAT INCENSE,2427,643.14,47,30,51.638297872340424
NATURAL HANGING QUILTED HEARTS ,1454,1175.3799999999999,72,63,20.194444444444443
NATURAL SLATE CHALKBOARD LARGE ,1731,9554.470000000001,476,220,3.6365546218487395
NATURAL SLATE HEART CHALKBOARD ,9172,28147.960000000003,1249,587,7.343474779823859
NATURAL SLATE RECTANGLE CHALKBOARD,3196,5575.33,415,211,7.701204819277108
NECKLACE+BRACELET PINK BUTTERFLY,29,73.95,10,9,2.9
NECKLACE+BRACELET SET BLUE BLOSSOM,45,112.21,26,3,1.7307692307692308
NECKLACE+BRACELET SET BLUE HIBISCUS,27,76.38,16,12,1.6875
NECKLACE+BRACELET SET FRUIT SALAD ,14,35.699999999999996,13,12,1.0769230769230769
NECKLACE+BRACELET SET PINK DAISY,1,2.55,1,1,1.0
NEW BAROQUE B'FLY NECKLACE CRYSTAL,5,42.13,4,1,1.25
NEW BAROQUE B'FLY NECKLACE GREEN,4,33.81,3,1,1.3333333333333333
NEW BAROQUE B'FLY NECKLACE MONTANA,2,16.810000000000002,2,0,1.0
NEW BAROQUE B'FLY NECKLACE PINK,2,16.82,2,1,1.0
NEW BAROQUE B'FLY NECKLACE RED,8,67.28,6,2,1.3333333333333333
NEW BAROQUE BLACK BOXES,3,38.25,3,3,1.0
NEW BAROQUE BLACK PHOTO ALBUM,29,152.11,14,8,2.0714285714285716
NEW BAROQUE JEWELLERY BOX ,53,446.89,25,16,2.12
NEW BAROQUE LARGE NECKLACE BLK/WHIT,16,134.16,14,1,1.1428571428571428
NEW BAROQUE SMALL NECKLACE BLACK,5,42.14,4,2,1.25
NEW ENGLAND MUG W GIFT BOX,2,5.1,2,2,1.0
NEWSPAPER STAND,27,316.95000000000005,5,3,5.4
NINJA RABBIT BLACK,187,239.24,58,15,3.2241379310344827
NINJA RABBIT PINK,169,190.29,42,16,4.023809523809524
NO JUNK MAIL METAL SIGN,1942,1315.43,266,122,7.3007518796992485
NO SINGING METAL SIGN,4789,10195.86,496,207,9.65524193548387
NOEL GARLAND PAINTED ZINC ,1411,792.28,128,53,11.0234375
NOEL WOODEN BLOCK LETTERS ,353,2165.65,133,94,2.654135338345865
NOVELTY BISCUITS CAKE STAND 3 TIER,391,3999.5699999999997,165,94,2.3696969696969696
NUMBER TILE COTTAGE GARDEN 0 ,64,146.6,20,10,3.2
NUMBER TILE COTTAGE GARDEN 1,96,246.14,44,18,2.1818181818181817
NUMBER TILE COTTAGE GARDEN 2,94,242.24,39,14,2.41025641025641
NUMBER TILE COTTAGE GARDEN 3 ,67,163.35,25,10,2.68
NUMBER TILE COTTAGE GARDEN 4,72,177.46,30,13,2.4
NUMBER TILE COTTAGE GARDEN 5,60,145.5,26,12,2.3076923076923075
NUMBER TILE COTTAGE GARDEN 6,65,150.81,21,10,3.0952380952380953
NUMBER TILE COTTAGE GARDEN 7,63,149.09,25,14,2.52
NUMBER TILE COTTAGE GARDEN 8,61,138.81,20,11,3.05
NUMBER TILE COTTAGE GARDEN 9,63,138.10999999999999,19,12,3.3157894736842106
NUMBER TILE COTTAGE GARDEN No,75,204.19,33,10,2.272727272727273
NUMBER TILE VINTAGE FONT 0,70,102.46,16,6,4.375
NUMBER TILE VINTAGE FONT 1,99,200.59,32,8,3.09375
NUMBER TILE VINTAGE FONT 2,102,197.56,34,9,3.0
NUMBER TILE VINTAGE FONT 3,108,213.7,42,13,2.5714285714285716
NUMBER TILE VINTAGE FONT 4,100,191.48,32,9,3.125
NUMBER TILE VINTAGE FONT 5,99,194.04999999999998,36,12,2.75
NUMBER TILE VINTAGE FONT 6 ,96,172.78,28,10,3.4285714285714284
NUMBER TILE VINTAGE FONT 7,87,146.43,25,8,3.48
NUMBER TILE VINTAGE FONT 8,78,126.78,23,8,3.391304347826087
NUMBER TILE VINTAGE FONT 9 ,76,124.97999999999999,21,7,3.619047619047619
NUMBER TILE VINTAGE FONT No ,173,272.2,33,6,5.242424242424242
NURSE'S BAG SOFT TOY,70,634.53,29,24,2.413793103448276
"NURSERY A,B,C PAINTED LETTERS",198,932.4,73,57,2.712328767123288
Next Day Carriage,79,1200.0,79,63,1.0
OCEAN SCENT CANDLE IN JEWELLED BOX,1028,1993.48,82,54,12.536585365853659
OCEAN SCENT CANDLE JEWELLED DRAWER,1,8.47,1,0,1.0
OCEAN STRIPE HAMMOCK ,2,15.9,1,1,2.0
OFFICE MUG WARMER BLACK+SILVER ,1137,3418.51,142,61,8.007042253521126
OFFICE MUG WARMER CHOC+BLUE,571,1762.0700000000002,133,58,4.293233082706767
OFFICE MUG WARMER PINK,565,1564.8300000000002,65,41,8.692307692307692
OFFICE MUG WARMER POLKADOT,649,1962.2900000000002,131,61,4.9541984732824424
OLD DOC RUSSEL METAL SIGN,14,29.400000000000002,3,3,4.666666666666667
OLD ROSE COMBO BEAD NECKLACE,54,157.5,45,0,1.2
OOH LA LA DOGS COLLAR,1,15.79,1,0,1.0
OPEN CLOSED METAL SIGN,1641,7938.780000000001,388,263,4.229381443298969
OPIUM SCENTED VOTIVE CANDLE,840,203.27999999999997,18,14,46.666666666666664
OPULENT VELVET SET/3 CANDLES,2,8.42,1,0,2.0
ORANGE FELT VASE + FLOWERS,1,1.25,1,1,1.0
ORANGE FLOWER MUG ,10,9.06,2,1,5.0
ORANGE PENDANT TRIPLE SHELL NECKLAC,5,24.75,2,1,2.5
ORANGE SCENTED SET/9 T-LIGHTS,600,511.04999999999995,87,49,6.896551724137931
ORANGE TV TRAY TABLE ,504,1165.9099999999999,43,17,11.720930232558139
ORANGE VOTIVE CANDLE,1032,257.03999999999996,25,20,41.28
ORANGE/FUSCHIA STONES NECKLACE,1,4.98,1,0,1.0
ORANGE/WHT/FUSCHIA STONES NECKLACE,8,39.660000000000004,2,1,4.0
ORGANISER WOOD ANTIQUE WHITE ,143,1205.3,76,69,1.881578947368421
ORIENTAL RED CUSHION COVER ,13,60.45,4,3,3.25
ORIGAMI JASMINE INCENSE/CANDLE SET,525,595.85,85,33,6.176470588235294
ORIGAMI LAVENDER INCENSE/CANDL SET ,421,484.34999999999997,85,37,4.952941176470588
ORIGAMI OPIUM INCENSE/CANDLE SET ,68,74.64,10,3,6.8
ORIGAMI ROSE INCENSE IN TUBE,535,267.82,13,10,41.15384615384615
ORIGAMI ROSE INCENSE/CANDLE SET ,463,550.64,97,35,4.77319587628866
ORIGAMI SANDLEWOOD INCENSE+FLOWER,81,66.36000000000001,7,6,11.571428571428571
ORIGAMI SANDLEWOOD INCENSE/CAND SET,448,530.6,94,33,4.76595744680851
ORIGAMI VANILLA INCENSE CONES,155,71.19,8,7,19.375
ORIGAMI VANILLA INCENSE/CANDLE SET ,323,375.93,65,21,4.969230769230769
OVAL  MINI PORTRAIT FRAME,324,631.5799999999999,47,40,6.8936170212765955
OVEN MITT APPLES DESIGN,1352,2016.0,211,135,6.407582938388626
OVERNIGHT BAG VINTAGE ROSE PAISLEY,406,2709.3,178,59,2.2808988764044944
OWL DOORSTOP,695,4051.79,251,81,2.768924302788845
OYSTER TRINKET BOX,54,123.66,19,12,2.8421052631578947
PACK 20 DOLLY PEGS,242,174.5,4,2,60.5
PACK 20 ENGLISH ROSE PAPER NAPKINS,554,508.36999999999995,80,51,6.925
PACK 3 BOXES BIRD PANETTONE ,204,451.84,31,11,6.580645161290323
PACK 3 BOXES BIRD PANNETONE ,2168,4188.94,187,110,11.593582887700535
PACK 3 BOXES CHRISTMAS PANETTONE,76,248.48,24,9,3.1666666666666665
PACK 3 BOXES CHRISTMAS PANNETONE,1650,3361.77,161,92,10.248447204968944
PACK 3 FIRE ENGINE/CAR PATCHES,86,119.65,19,11,4.526315789473684
PACK 3 IRON ON DOG PATCHES,294,355.84,65,26,4.523076923076923
PACK 4 FLOWER/BUTTERFLY PATCHES,1,1.25,1,1,1.0
PACK 6 HEART/ICE-CREAM PATCHES,468,561.87,98,32,4.775510204081633
PACK OF 12 50'S CHRISTMAS TISSUES,4003,1842.42,176,127,22.744318181818183
PACK OF 12 BLUE PAISLEY TISSUES ,2301,777.67,155,98,14.845161290322581
PACK OF 12 CHRISTMAS FUN CARDS,108,289.69,37,13,2.918918918918919
PACK OF 12 CIRCUS PARADE TISSUES ,2075,660.7299999999999,102,61,20.34313725490196
PACK OF 12 COLOURED PENCILS,3959,3193.83,219,162,18.077625570776256
PACK OF 12 DOILEY TISSUES,72,28.08,2,2,36.0
PACK OF 12 DOLLY GIRL TISSUES,1354,593.62,133,69,10.180451127819548
PACK OF 12 HEARTS DESIGN TISSUES ,8803,2737.6299999999997,427,262,20.615925058548008
PACK OF 12 LONDON TISSUES ,26135,7980.92,512,195,51.044921875
PACK OF 12 PAISLEY PARK TISSUES ,1843,841.01,136,88,13.551470588235293
PACK OF 12 PINK PAISLEY TISSUES ,3473,1116.9499999999998,212,123,16.382075471698112
PACK OF 12 PINK POLKADOT TISSUES,4067,1197.73,189,118,21.51851851851852
PACK OF 12 RED APPLE TISSUES,1220,465.36,76,49,16.05263157894737
PACK OF 12 RED RETROSPOT TISSUES ,6687,2121.7599999999998,297,192,22.515151515151516
PACK OF 12 SKULL TISSUES,5275,1583.4099999999999,232,129,22.737068965517242
PACK OF 12 SPACEBOY TISSUES,3034,1024.8999999999999,219,132,13.853881278538813
PACK OF 12 STICKY BUNNIES,998,755.83,167,75,5.976047904191617
PACK OF 12 SUKI TISSUES ,7612,2304.14,359,182,21.2033426183844
PACK OF 12 TRADITIONAL CRAYONS,9721,4072.97,443,232,21.943566591422123
PACK OF 12 VINTAGE CHRISTMAS TISSUE,3051,1389.59,155,104,19.683870967741935
PACK OF 12 VINTAGE DOILY TISSUES,2272,955.42,119,85,19.092436974789916
PACK OF 12 VINTAGE LEAF TISSUES ,1509,567.9499999999999,80,59,18.8625
PACK OF 12 WOODLAND TISSUES ,5482,1655.36,271,143,20.228782287822877
PACK OF 20 NAPKINS PANTRY DESIGN,6587,5681.9,670,357,9.83134328358209
PACK OF 20 NAPKINS RED APPLES,4385,3573.83,375,212,11.693333333333333
PACK OF 20 SKULL PAPER NAPKINS,2412,2235.65,335,130,7.2
PACK OF 20 SPACEBOY NAPKINS,1538,1222.61,145,82,10.606896551724137
PACK OF 6 BIRDY GIFT TAGS,6232,7561.64,395,241,15.777215189873418
PACK OF 6 COCKTAIL PARASOL STRAWS,2506,1002.54,111,81,22.576576576576578
PACK OF 6 HANDBAG GIFT BOXES,574,1572.9499999999998,111,73,5.171171171171171
PACK OF 6 LARGE FRUIT STRAWS ,2283,1402.32,151,97,15.119205298013245
PACK OF 6 PANETTONE GIFT BOXES,233,548.63,18,14,12.944444444444445
PACK OF 6 PANNETONE GIFT BOXES,2100,5405.98,178,117,11.797752808988765
PACK OF 6 SANDCASTLE FLAGS ASSORTED,2524,2173.0499999999997,224,120,11.267857142857142
PACK OF 6 SKULL PAPER CUPS,2113,1346.65,171,106,12.35672514619883
PACK OF 6 SKULL PAPER PLATES,2321,1862.75,193,101,12.025906735751295
PACK OF 6 SMALL FRUIT STRAWS,1716,695.41,100,69,17.16
PACK OF 6 SWEETIE GIFT BOXES,1061,2649.35,102,73,10.401960784313726
PACK OF 60 DINOSAUR CAKE CASES,12340,6117.910000000001,601,287,20.532445923460898
PACK OF 60 MUSHROOM CAKE CASES,5230,2886.9500000000003,393,181,13.307888040712468
PACK OF 60 PINK PAISLEY CAKE CASES,24854,12245.02,869,410,28.600690448791713
PACK OF 60 SPACEBOY CAKE CASES,8426,4566.54,520,270,16.203846153846154
PACK OF 72 RETROSPOT CAKE CASES,36419,21259.100000000002,1320,635,27.590151515151515
PACK OF 72 SKULL CAKE CASES,15176,8418.44,663,295,22.889894419306184
PACK OF SIX LED TEA LIGHTS,1766,5048.72,203,132,8.699507389162562
PACK/12 BLUE FOLKART CARDS,22,64.9,18,16,1.2222222222222223
PACK/12 XMAS FUN CARD,35,103.25000000000001,11,10,3.1818181818181817
PADS TO MATCH ALL CUSHIONS,3,0.003,3,3,1.0
PAINT YOUR OWN CANVAS SET,2463,3989.9399999999996,220,125,11.195454545454545
PAINT YOUR OWN EGGS IN CRATE,164,299.36,5,5,32.8
PAINTED HEART WREATH WITH BELL,12,15.0,1,1,12.0
PAINTED LIGHTBULB RAINBOW DESIGN,153,98.53999999999999,51,5,3.0
PAINTED LIGHTBULB STAR+ MOON,181,103.64999999999999,53,14,3.4150943396226414
PAINTED METAL HEART WITH HOLLY BELL,1373,854.74,97,61,14.154639175257731
PAINTED METAL PEARS ASSORTED,4709,7830.32,370,259,12.727027027027027
PAINTED METAL STAR WITH HOLLY BELLS,1917,1102.81,117,63,16.384615384615383
PAINTED PINK RABBIT ,573,486.01,136,41,4.213235294117647
PAINTED SEA SHELL METAL WINDCHIME,93,85.31,8,8,11.625
PAINTED YELLOW WOODEN DAISY,612,516.79,117,32,5.230769230769231
PAIR BUTTERFLY HAIR CLIPS,32,120.34,17,3,1.8823529411764706
PAIR OF ENAMEL BUTTERFLY HAIRCLIP,29,96.86,18,8,1.6111111111111112
PAIR OF PINK FLOWER CLUSTER SLIDE,53,132.7,37,4,1.4324324324324325
PAIR PADDED HANGERS PINK CHECK,112,376.27000000000004,43,11,2.604651162790698
PAISLEY PARK CARD,376,165.07999999999998,41,23,9.170731707317072
PAISLEY PATTERN  STICKERS,125,111.86,32,16,3.90625
PALE PINK/AMETHYST STONE NECKLACE,3,29.849999999999998,2,2,1.5
PANDA AND BUNNIES STICKER SHEET,408,355.83,81,43,5.037037037037037
PANTRY 3 HOOK ROLLING PIN HANGER,219,876.9,66,47,3.3181818181818183
PANTRY APPLE CORER,472,705.5799999999999,105,58,4.495238095238095
PANTRY CHOPPING BOARD,1154,5868.5,57,39,20.24561403508772
PANTRY HOOK BALLOON WHISK ,213,477.89,47,29,4.531914893617022
PANTRY HOOK SPATULA,162,353.36,33,24,4.909090909090909
PANTRY HOOK TEA STRAINER ,165,353.45,32,26,5.15625
PANTRY KITCHEN THERMOMETER ,112,154.52,31,21,3.6129032258064515
PANTRY MAGNETIC  SHOPPING LIST,3346,5068.4,475,259,7.04421052631579
PANTRY PASTRY BRUSH,1155,1545.02,212,120,5.44811320754717
PANTRY ROLLING PIN,2465,9568.73,238,153,10.357142857142858
PANTRY SCRUBBING BRUSH,2366,3914.9599999999996,291,198,8.130584192439862
PANTRY WASHING UP BRUSH,4097,6401.969999999999,381,225,10.753280839895012
PAPER BUNTING COLOURED LACE,1893,5661.05,238,115,7.953781512605042
PAPER BUNTING PAISLEY PARK,251,684.97,31,28,8.096774193548388
PAPER BUNTING RETROSPOT,7564,22790.960000000003,798,325,9.478696741854636
PAPER BUNTING VINTAGE PAISLEY,1424,4460.38,272,142,5.235294117647059
PAPER BUNTING VINTAGE PARTY,428,1218.48,47,40,9.106382978723405
PAPER BUNTING WHITE LACE,4089,11893.230000000001,326,155,12.542944785276074
PAPER CHAIN KIT 50'S CHRISTMAS ,19355,64952.29,1160,613,16.685344827586206
PAPER CHAIN KIT EMPIRE,5189,15122.970000000001,436,277,11.90137614678899
PAPER CHAIN KIT LONDON,464,1361.0400000000002,94,68,4.9361702127659575
PAPER CHAIN KIT RETROSPOT,4658,14159.54,610,294,7.636065573770492
PAPER CHAIN KIT SKULLS ,548,1566.99,97,62,5.649484536082475
PAPER CHAIN KIT VINTAGE CHRISTMAS,10604,32873.340000000004,820,470,12.93170731707317
"PAPER CRAFT , LITTLE BIRDIE",80995,168469.6,1,1,80995.0
PAPER LANTERN 5 POINT SEQUIN STAR,50,287.5,21,21,2.380952380952381
PAPER LANTERN 5 POINT STAR MOON ,108,456.48,20,17,5.4
PAPER LANTERN 5 POINT STAR MOON 30,10,41.5,5,5,2.0
PAPER LANTERN 5 POINT STUDDED STAR,8,46.0,4,4,2.0
PAPER LANTERN 6 POINT SNOW STAR,26,107.9,6,6,4.333333333333333
PAPER LANTERN 7 POINT SNOW STAR,103,711.51,28,25,3.6785714285714284
PAPER LANTERN 9 POINT DELUXE STAR,349,2111.4900000000002,36,31,9.694444444444445
PAPER LANTERN 9 POINT HOLLY STAR 23,18,74.7,5,5,3.6
PAPER LANTERN 9 POINT HOLLY STAR 40,6,37.5,3,3,2.0
PAPER LANTERN 9 POINT HOLLY STAR L,75,506.01,20,15,3.75
PAPER LANTERN 9 POINT HOLLY STAR S,86,361.04,20,19,4.3
PAPER LANTERN 9 POINT SNOW STAR,258,1139.5800000000002,52,44,4.961538461538462
PAPER LANTERN 9 POINT SNOW STAR ,241,1325.03,37,30,6.513513513513513
PAPER POCKET TRAVELING FAN ,6591,840.0200000000001,138,70,47.76086956521739
PAPERWEIGHT CHILDHOOD MEMORIES,268,445.44,36,24,7.444444444444445
PAPERWEIGHT HOME SWEET HOME,158,245.57999999999998,29,18,5.448275862068965
PAPERWEIGHT KINGS CHOICE ,168,230.67999999999998,23,16,7.304347826086956
PAPERWEIGHT SAVE THE PLANET,338,641.55,45,36,7.511111111111111
PAPERWEIGHT VINTAGE COLLAGE,512,741.98,71,43,7.211267605633803
PAPERWEIGHT VINTAGE PAISLEY,152,220.04,33,15,4.606060606060606
PARISIENNE CURIO CABINET,547,4514.58,241,134,2.2697095435684647
PARISIENNE JEWELLERY DRAWER ,813,6102.18,258,154,3.1511627906976742
PARISIENNE KEY CABINET ,702,4158.68,255,157,2.7529411764705882
PARISIENNE SEWING BOX,312,3839.2400000000002,138,80,2.260869565217391
PARLOUR CERAMIC WALL HOOK,455,1889.7500000000002,75,56,6.066666666666666
PARTY BUNTING,18295,99504.33,1685,708,10.857566765578635
PARTY CHARMS 50 PIECES,2253,1727.75,133,89,16.93984962406015
PARTY CONE CHRISTMAS DECORATION ,2277,2664.6299999999997,110,78,20.7
PARTY CONES CANDY ASSORTED,1762,2127.53,76,62,23.18421052631579
PARTY CONES CANDY DECORATION,454,621.96,67,6,6.776119402985074
PARTY CONES CANDY TREE DECORATION,740,609.56,33,27,22.424242424242426
PARTY CONES CARNIVAL ASSORTED,404,504.88,22,20,18.363636363636363
PARTY FOOD SHOPPER BAG,400,469.63,73,31,5.47945205479452
PARTY INVITES BALLOON GIRL,405,359.28999999999996,71,47,5.704225352112676
PARTY INVITES DINOSAURS,611,528.2299999999999,94,67,6.5
PARTY INVITES FOOTBALL,488,451.7,83,49,5.879518072289157
PARTY INVITES JAZZ HEARTS,528,458.31,102,64,5.176470588235294
PARTY INVITES SPACEMAN,539,458.22999999999996,74,55,7.283783783783784
PARTY INVITES WOODLAND,1157,968.2099999999999,122,68,9.48360655737705
PARTY METAL SIGN ,3490,5345.88,467,236,7.47323340471092
PARTY PIZZA DISH BLUE POLKADOT,1120,399.62,71,29,15.774647887323944
PARTY PIZZA DISH GREEN POLKADOT,1037,381.65999999999997,59,23,17.576271186440678
PARTY PIZZA DISH PINK POLKADOT,1228,460.38,76,34,16.157894736842106
PARTY PIZZA DISH RED RETROSPOT,1977,873.9,94,48,21.03191489361702
PARTY TIME DESIGN FLANNEL,86,75.35,25,8,3.44
PARTY TIME PENCIL ERASERS,1398,322.09,134,61,10.432835820895523
PASTEL BLUE PHOTO ALBUM ,29,14.5,2,2,14.5
PASTEL COLOUR HONEYCOMB FAN,940,697.77,83,50,11.325301204819278
PASTEL PINK PHOTO ALBUM ,7,3.5,2,2,3.5
PEACE SMALL WOOD LETTERS,30,222.96,24,19,1.25
PEACE WOODEN BLOCK LETTERS,351,1766.57,106,82,3.311320754716981
PEACH KNITTED HEN ,315,316.46,60,8,5.25
"PEARL & SHELL 42""NECKL. GREEN",5,53.62,3,1,1.6666666666666667
"PEARL & SHELL 42""NECKL. IVORY",2,21.5,1,1,2.0
PEARL AND CHERRY QUARTZ BRACLET,5,18.27,4,1,1.25
PEARL CRYSTAL PUMPKIN T-LIGHT HLDR,1474,2449.2999999999997,159,97,9.270440251572326
PEARLISED IVORY HEART LARGE ,418,661.02,39,32,10.717948717948717
PEARLISED IVORY HEART SMALL ,228,281.17,29,23,7.862068965517241
PEG BAG APPLE DESIGN,100,210.0,1,1,100.0
PEG BAG APPLES DESIGN,1492,3853.7599999999998,287,144,5.198606271777003
PENCIL CASE LIFE IS BEAUTIFUL,537,1624.7600000000002,130,72,4.130769230769231
PENNY FARTHING BIRTHDAY CARD,3054,1309.18,262,124,11.65648854961832
PENS ASSORTED FUNKY JEWELED ,5247,1121.48,144,63,36.4375
PENS ASSORTED FUNNY FACE,9608,2578.24,216,123,44.48148148148148
PENS ASSORTED SPACEBALL,5946,1381.78,155,89,38.36129032258064
PERIWINKLE T-LIGHT HOLDER,48,75.02,17,8,2.823529411764706
"PET MUG, GOLDFISH",36,13.1,12,4,3.0
PETIT TRAY CHIC,1047,1759.7899999999997,146,89,7.171232876712328
PHARMACIE FIRST AID TIN,581,4470.8099999999995,173,71,3.3583815028901736
PHOTO CLIP LINE,239,338.73,49,16,4.877551020408164
PHOTO CUBE,3239,6013.429999999999,321,104,10.090342679127726
PHOTO FRAME 3 CLASSIC HANGING,584,5807.349999999999,232,146,2.5172413793103448
PHOTO FRAME CORNICE,3297,9843.59,504,278,6.541666666666667
PHOTO FRAME LINEN AND LACE LARGE,215,801.6800000000001,43,39,5.0
PHOTO FRAME LINEN AND LACE SMALL,310,644.8000000000001,59,53,5.254237288135593
PICNIC BASKET WICKER 60 PIECES,61,39619.5,2,1,30.5
PICNIC BASKET WICKER LARGE,1604,19322.16,445,187,3.6044943820224717
PICNIC BASKET WICKER SMALL,1879,11807.12,461,175,4.07592190889371
PICNIC BOXES SET OF 3 RETROSPOT ,966,4625.860000000001,190,85,5.08421052631579
PICTURE DOMINOES,3189,4799.83,356,195,8.957865168539326
PICTURE FRAME WOOD TRIPLE PORTRAIT,1068,6977.6,265,142,4.030188679245283
PIECE OF CAMO STATIONERY SET,3380,326.56,31,28,109.03225806451613
PIG KEYRING WITH LIGHT & SOUND ,1379,1386.97,80,38,17.2375
PIG MUG IN TWO COLOUR DESIGNS,159,130.26999999999998,17,11,9.352941176470589
PIGGY BANK RETROSPOT ,2764,7121.38,329,188,8.401215805471125
PIN CUSHION BABUSHKA BLUE,137,410.81,45,16,3.0444444444444443
PIN CUSHION BABUSHKA PINK,439,1135.18,133,25,3.300751879699248
PIN CUSHION BABUSHKA RED,201,656.4300000000001,45,29,4.466666666666667
PING MICROWAVE APRON,509,1069.1699999999998,122,59,4.172131147540983
PING! MICROWAVE PLATE,152,415.09000000000003,63,16,2.4126984126984126
PINK  HEART CONFETTI IN TUBE,966,888.3299999999999,78,45,12.384615384615385
PINK  HEART SHAPE LOVE BUCKET ,1042,1831.6200000000001,123,63,8.471544715447154
PINK  HONEYCOMB PAPER BALL ,693,1308.56,80,21,8.6625
PINK  HONEYCOMB PAPER FAN,499,558.07,65,37,7.676923076923077
PINK  POLKADOT CUP,3018,2709.04,307,141,9.830618892508143
PINK  POLKADOT PLATE ,2065,3449.6,185,95,11.162162162162161
PINK & WHITE BREAKFAST TRAY,96,369.84000000000003,35,11,2.742857142857143
PINK & WHITE ROSEBUD RING,21,88.04,15,4,1.4
PINK 3 PIECE POLKADOT CUTLERY SET,1471,5520.02,123,82,11.959349593495935
PINK ACRYLIC JEWEL SNOWFLAKE,12,4.5600000000000005,1,1,12.0
PINK ALLIUM  ARTIFICIAL FLOWER,3,5.07,1,0,3.0
PINK AND BLACK STRING CURTAIN,38,82.1,5,5,7.6
PINK AND WHITE CHRISTMAS TREE 120CM,201,553.07,34,17,5.911764705882353
PINK B'FLY C/COVER W BOBBLES,12,78.17,7,6,1.7142857142857142
PINK BABY BUNTING,2190,6710.42,345,162,6.3478260869565215
PINK BAROQUE FLOCK CANDLE HOLDER,2,11.9,1,1,2.0
PINK BEADS+HAND PHONE CHARM,2,4.92,1,0,2.0
PINK BERTIE GLASS BEAD BAG CHARM,115,106.24,10,4,11.5
PINK BERTIE MOBILE PHONE CHARM,1,3.36,1,0,1.0
PINK BITTY LIGHT CHAIN,106,201.31,36,7,2.9444444444444446
PINK BLUE FELT CRAFT TRINKET BOX,11001,13838.1,522,277,21.07471264367816
PINK BOUDICCA LARGE BRACELET,38,264.7,12,9,3.1666666666666665
PINK BOUDOIR T-LIGHT HOLDER,12,10.2,1,1,12.0
PINK BREAKFAST CUP AND SAUCER ,23,43.050000000000004,9,5,2.5555555555555554
PINK BUNNY EASTER EGG BASKET,158,231.89999999999998,4,4,39.5
PINK BUTTERFLY CUSHION COVER,23,44.849999999999994,5,3,4.6
PINK BUTTERFLY CUSHION COVER ,35,173.48,20,2,1.75
PINK BUTTERFLY HANDBAG W BOBBLES,162,671.62,98,0,1.653061224489796
PINK BUTTERFLY WASHBAG,9,42.29,6,5,1.5
PINK CANDYSTUFT ARTIFICIAL FLOWER,137,96.88999999999999,11,11,12.454545454545455
PINK CAT BOWL,360,583.33,123,30,2.926829268292683
PINK CAT FLORAL CUSHION COVER ,25,100.97,18,3,1.3888888888888888
PINK CHERRY BLOSSOM CUP & SAUCER,6,7.5,1,1,6.0
PINK CHERRY LIGHTS,4,27.0,1,1,4.0
PINK CHICK EGG WARMER + EGG CUP,196,219.66,40,16,4.9
PINK CHRISTMAS FLOCK DROPLET ,10,15.02,3,1,3.3333333333333335
PINK CHRYSANTHEMUMS ART FLOWER,18,37.800000000000004,1,1,18.0
PINK CLEAR GLASS CANDLE PLATE,30,39.92,5,3,6.0
PINK COMBO MINI CRYSTALS NECKLACE,3,16.310000000000002,3,0,1.0
PINK CREAM FELT CRAFT TRINKET BOX ,7362,9159.31,616,312,11.9512987012987
PINK CRYSTAL GUITAR PHONE CHARM,1,0.85,1,1,1.0
PINK CRYSTAL SKULL PHONE CHARM,32,16.22,9,2,3.5555555555555554
PINK CRYSTAL+GLASS BRACELET,22,109.48,14,3,1.5714285714285714
PINK DAISY BAG CHARM,30,74.64,19,1,1.5789473684210527
PINK DIAMANTE PEN IN GIFT BOX,424,1206.97,103,12,4.116504854368932
PINK DINER WALL CLOCK,308,2749.85,121,75,2.5454545454545454
PINK DISCO HANDBAG,84,180.51999999999998,22,17,3.8181818181818183
PINK DOG BOWL,549,922.89,115,39,4.773913043478261
PINK DOG CANNISTER,14,39.3,4,4,3.5
PINK DOLLY HAIR CLIPS,2,2.1,1,0,2.0
PINK DOUGHNUT TRINKET POT ,1734,2556.2,241,85,7.195020746887967
PINK DRAWER KNOB ACRYLIC EDWARDIAN,3869,5211.7,254,84,15.23228346456693
PINK EASTER HENS+FLOWER,14,38.31,9,1,1.5555555555555556
PINK ENAMEL FLOWER HAIR TIE,22,64.46000000000001,11,2,2.0
PINK ENAMEL+GLASS HAIR COMB,263,480.5,31,8,8.483870967741936
PINK FAIRY CAKE CHILDRENS APRON,3345,6732.49,495,250,6.757575757575758
PINK FAIRY CAKE CUSHION COVER,285,1182.99,89,25,3.202247191011236
PINK FEATHER CHRISTMAS DECORATION,1,2.51,1,0,1.0
PINK FEATHERS CURTAIN,52,50.28,3,3,17.333333333333332
PINK FELT EASTER EGG BASKET,14,23.099999999999998,4,4,3.5
PINK FELT EASTER RABBIT GARLAND,122,323.15,29,22,4.206896551724138
PINK FELT HANGING HEART W FLOWER,106,107.72,20,5,5.3
PINK FLOCK GLASS CANDLEHOLDER,38,29.68,5,5,7.6
PINK FLOCK PHOTO FRAME ,12,15.0,1,1,12.0
PINK FLOCK SUEDE CUSHION COVER ,12,15.0,2,2,6.0
PINK FLORAL FELTCRAFT SHOULDER BAG,1117,4235.88,262,141,4.263358778625954
PINK FLOWER CROCHET FOOD COVER,237,897.8,79,55,3.0
PINK FLOWER FABRIC PONY,117,453.73,48,22,2.4375
PINK FLOWERS RABBIT EASTER,21,48.95,5,5,4.2
PINK FLUFFY CHRISTMAS DECORATION,26,7.82,2,1,13.0
PINK FLY SWAT,92,63.720000000000006,43,21,2.13953488372093
PINK FOXGLOVE ARTIIFCIAL FLOWER,23,58.64999999999999,4,3,5.75
PINK GAUZE BUTTERFLY LAMPSHADE,15,6.3,4,4,3.75
PINK GINGHAM CAT WITH SCARF,144,314.51,30,18,4.8
PINK GLASS CANDLEHOLDER,176,561.32,38,20,4.631578947368421
PINK GLASS CHUNKY CHARM BRACELET,10,91.68,9,0,1.1111111111111112
PINK GLASS TASSLE BAG CHARM ,45,82.97999999999999,20,3,2.25
PINK GOOSE FEATHER TREE 60CM,131,267.21,19,15,6.894736842105263
PINK GREEN EMBROIDERY COSMETIC BAG,33,93.19,20,6,1.65
PINK HANGING GINGHAM EASTER HEN,32,13.44,5,5,6.4
PINK HANGING HEART T-LIGHT HOLDER,880,1664.16,76,50,11.578947368421053
PINK HAPPY BIRTHDAY BUNTING,2339,12201.400000000001,402,238,5.818407960199005
PINK HAWAIIAN PICNIC HAMPER FOR 2,78,709.2399999999999,55,10,1.4181818181818182
PINK HEART DOTS HOT WATER BOTTLE,36,147.88,11,4,3.272727272727273
PINK HEART OF GLASS BRACELET,15,89.12,9,8,1.6666666666666667
PINK HEART RED HANDBAG,29,76.14,18,3,1.6111111111111112
PINK HEART SHAPE EGG FRYING PAN,3234,4761.78,256,139,12.6328125
PINK HEART SHAPE PHOTO FRAME,322,522.56,39,27,8.256410256410257
PINK HEARTS LIGHT CHAIN ,271,587.2,48,19,5.645833333333333
PINK HEARTS PAPER GARLAND,168,245.20000000000002,7,6,24.0
PINK HORSE SOCK PUPPET,262,797.1400000000001,57,40,4.5964912280701755
PINK HORSE SOCK PUPPET KIT,44,129.8,14,13,3.142857142857143
PINK HYDRANGEA ART FLOWER,46,96.60000000000001,5,5,9.2
PINK JEWELLED MIRROR TRINKET TRAY,34,210.54999999999998,18,13,1.8888888888888888
PINK JEWELLED PHOTO FRAME,30,231.56,20,9,1.5
PINK JEWELLED PHOTO FRAME ,62,326.35,19,13,3.263157894736842
PINK KNITTED EGG COSY,147,76.69,29,24,5.068965517241379
PINK LEAVES AND BEADS PHONE CHARM,3,7.43,2,0,1.5
PINK LOVE BIRD CANDLE,351,356.08,50,20,7.02
PINK LOVE HEART SHAPE CUP,816,770.73,133,41,6.135338345864661
PINK MARSHMALLOW SCARF KNITTING KIT,36,91.8,1,1,36.0
PINK METAL CHICKEN HEART ,717,1059.67,91,50,7.8791208791208796
PINK METAL SWINGING BUNNY,78,68.69999999999999,10,8,7.8
PINK MONTE CARLO HANDBAG,98,232.32999999999998,10,8,9.8
PINK MURANO TWIST BRACELET,7,29.73,3,0,2.3333333333333335
PINK MURANO TWIST NECKLACE,8,79.66,6,4,1.3333333333333333
PINK NEW BAROQUE FLOCK CANDLESTICK,6,27.900000000000002,3,3,2.0
PINK NEW BAROQUECANDLESTICK CANDLE,478,605.48,42,24,11.380952380952381
PINK OVAL JEWELLED MIRROR,20,119.0,11,11,1.8181818181818181
PINK OVAL SHAPE TRINKET BOX,20,186.64,13,7,1.5384615384615385
PINK OWL SOFT TOY,879,2600.13,171,84,5.140350877192983
PINK PADDED MOBILE,135,577.79,42,31,3.2142857142857144
PINK PAINTED KASHMIRI CHAIR,4,171.8,1,1,4.0
PINK PAISLEY CUSHION COVER ,26,192.14,17,6,1.5294117647058822
PINK PAISLEY ROSE GIFT WRAP,1225,498.5,40,37,30.625
PINK PAISLEY SQUARE TISSUE BOX ,1373,586.82,117,89,11.735042735042734
PINK PAPER PARASOL ,464,1456.72,102,53,4.549019607843137
PINK PARTY BAGS,2456,4649.5,165,102,14.884848484848485
PINK PARTY SUNGLASSES,20,36.76,12,6,1.6666666666666667
PINK PILLAR CANDLE SILVER FLOCK,81,129.47,19,17,4.2631578947368425
PINK POLKADOT BOWL,3676,4749.84,333,133,11.03903903903904
PINK POLKADOT CHILDRENS UMBRELLA,140,506.96,46,29,3.0434782608695654
PINK POLKADOT GARDEN PARASOL,228,1885.27,97,32,2.350515463917526
PINK POLKADOT KIDS BAG,1,1.95,1,1,1.0
PINK POLKADOT PLATE ,220,377.56,25,18,8.8
PINK POLKADOT WRAP ,6350,2593.0,213,162,29.812206572769952
PINK POODLE HANGING DECORATION ,5,16.8,2,0,2.5
PINK POT PLANT CANDLE,204,628.7900000000001,35,22,5.828571428571428
PINK REGENCY TEACUP AND SAUCER,5824,17551.760000000002,765,319,7.613071895424836
PINK RETRO BIG FLOWER BAG,88,171.6,14,13,6.285714285714286
PINK RIVIERA HANDBAG,186,261.68,6,4,31.0
PINK ROSE FABRIC MIRROR,331,393.46999999999997,62,23,5.338709677419355
PINK ROSE WASHBAG,156,560.62,74,25,2.108108108108108
PINK ROSEBUD & PEARL NECKLACE,12,90.32,9,2,1.3333333333333333
PINK ROSEBUD PEARL BRACELET,27,130.67,14,6,1.9285714285714286
PINK ROSEBUD PEARL EARRINGS,16,39.98,15,0,1.0666666666666667
PINK ROUND COMPACT MIRROR,40,58.16,4,1,10.0
PINK SCOTTIE DOG W FLOWER PATTERN,135,322.53999999999996,51,20,2.6470588235294117
PINK SMALL GLASS CAKE STAND,24,46.8,1,1,24.0
PINK SMALL JEWELLED PHOTOFRAME,12,19.799999999999997,9,8,1.3333333333333333
PINK SPOTS CHOCOLATE NESTING BOXES ,140,361.55999999999995,6,5,23.333333333333332
PINK SQUARE TABLE CLOCK,71,104.84,14,5,5.071428571428571
PINK STITCHED WALL CLOCK,679,828.24,61,20,11.131147540983607
PINK STOCKING CHRISTMAS DECORATION,226,92.21000000000001,19,15,11.894736842105264
PINK STRAWBERRY HANDBAG ,60,163.1,34,4,1.7647058823529411
PINK STRING CURTAIN WITH POLE,30,100.86,9,7,3.3333333333333335
PINK SWEETHEART BRACELET,176,729.57,78,21,2.2564102564102564
PINK SWEETIE NECKLACE,2,15.120000000000001,2,0,1.0
PINK TALL PORCELAIN T-LIGHT HOLDER ,5,12.75,4,4,1.25
PINK UNION JACK  LUGGAGE TAG,353,486.5,121,56,2.9173553719008263
PINK UNION JACK  PASSPORT COVER ,274,625.23,106,52,2.5849056603773586
PINK VINTAGE PAISLEY PICNIC BAG,2676,4964.03,410,198,6.5268292682926825
PINK VINTAGE SPOT BEAKER,4807,4572.41,191,108,25.167539267015705
PINK VINTAGE VICTORIAN EARRINGS,14,41.150000000000006,7,3,2.0
PINK YELLOW PATCH CUSHION COVER,29,180.93,23,3,1.2608695652173914
PINK/AMETHYST/GOLD NECKLACE,5,34.870000000000005,2,1,2.5
PINK/BLUE DISC/MIRROR STRING,566,244.17,15,8,37.733333333333334
PINK/BLUE STRING CURTAIN ,57,128.32999999999998,5,4,11.4
PINK/FLOWER RABBIT EGG WARMER ,119,100.76,15,4,7.933333333333334
PINK/GREEN FLOWER DESIGN BIG MUG,40,17.16,16,16,2.5
PINK/PURPLE CIRCLE CURTAIN,52,56.52,6,6,8.666666666666666
PINK/PURPLE RETRO RADIO,222,634.07,53,13,4.188679245283019
"PINK/WHITE ""KEEP CLEAN"" BULLET BIN",77,286.91,33,12,2.3333333333333335
PINK/WHITE CHRISTMAS TREE 30CM,46,17.48,2,2,23.0
PINK/WHITE CHRISTMAS TREE 60CM,684,493.01,42,23,16.285714285714285
PINK/WHITE GLASS DEMI CHOKER,2,15.0,1,1,2.0
PINK/WHITE RIBBED MELAMINE JUG,3,23.85,3,2,1.0
PINK/YELLOW FLOWERS HANDBAG,106,132.5,8,7,13.25
PIZZA PLATE IN BOX,594,2158.06,179,44,3.3184357541899443
PLACE SETTING WHITE HEART,15150,6332.29,332,174,45.63253012048193
PLACE SETTING WHITE STAR,2408,1053.5,105,70,22.933333333333334
PLASMATRONIC LAMP,71,446.45,25,9,2.84
PLASTERS IN TIN CIRCUS PARADE ,6118,10070.109999999999,571,305,10.714535901926444
PLASTERS IN TIN SKULLS,4269,7176.669999999999,560,281,7.623214285714286
PLASTERS IN TIN SPACEBOY,8082,13615.31,673,339,12.00891530460624
PLASTERS IN TIN STRONGMAN,6023,9863.279999999999,515,294,11.69514563106796
PLASTERS IN TIN VINTAGE PAISLEY ,4721,7777.089999999999,566,315,8.340989399293287
PLASTERS IN TIN WOODLAND ANIMALS,7813,13344.769999999999,704,351,11.098011363636363
PLAYING CARDS I LOVE LONDON ,1207,1660.04,115,93,10.495652173913044
PLAYING CARDS JUBILEE UNION JACK,1934,2857.64,208,164,9.298076923076923
PLAYING CARDS KEEP CALM & CARRY ON,3646,4864.3,335,284,10.883582089552238
PLAYING CARDS VINTAGE DOILEY ,13,16.25,2,2,6.5
PLAYING CARDS VINTAGE DOILY ,701,880.16,92,78,7.619565217391305
PLEASE ONE PERSON METAL SIGN,12305,25290.58,845,361,14.562130177514794
POCKET BAG BLUE PAISLEY RED SPOT,834,1007.15,128,43,6.515625
POCKET BAG PINK PAISELY BROWN SPOT,469,510.84,95,26,4.936842105263158
"POCKET MIRROR ""GLAMOROUS""",5,6.25,2,2,2.5
POCKET MIRROR WOODLAND,94,81.8,20,4,4.7
POLKA DOT RAFFIA FOOD COVER,290,1085.32,89,57,3.258426966292135
POLKADOT MUG PINK ,72,123.29999999999998,13,8,5.538461538461538
POLKADOT PEN,6842,5793.62,170,89,40.247058823529414
POLKADOT RAIN HAT ,1940,918.25,226,55,8.584070796460177
POLYESTER FILLER PAD 30CMx30CM,107,133.75,26,16,4.115384615384615
POLYESTER FILLER PAD 40x40cm,1556,2256.2,185,128,8.41081081081081
POLYESTER FILLER PAD 45x30cm,103,149.35,38,22,2.710526315789474
POLYESTER FILLER PAD 45x45cm,1021,1582.55,137,92,7.452554744525547
POLYESTER FILLER PAD 60x40cm,2,5.1,1,1,2.0
POLYESTER FILLER PAD 65CMx65CM,18,76.5,6,5,3.0
POMPOM CURTAIN,424,2124.15,82,32,5.170731707317073
POP ART PUSH DOWN RUBBER ,98,11.759999999999998,2,2,49.0
POPART RECT PENCIL SHARPENER ASST,1166,140.52,33,29,35.333333333333336
POPART WOODEN PENCILS ASST,8900,380.0,68,61,130.88235294117646
POPCORN HOLDER,36761,34298.87,803,295,45.779576587795766
POPPY FIELDS CHOPPING BOARD,93,501.23,45,39,2.066666666666667
POPPY'S PLAYHOUSE BATHROOM,957,2087.15,227,123,4.215859030837004
POPPY'S PLAYHOUSE BEDROOM ,2029,4678.59,423,216,4.796690307328605
POPPY'S PLAYHOUSE KITCHEN,2125,4897.63,436,233,4.873853211009174
POPPY'S PLAYHOUSE LIVINGROOM ,1451,3244.94,328,179,4.423780487804878
PORCELAIN BUDAH INCENSE HOLDER,1525,158.06,34,18,44.85294117647059
PORCELAIN BUTTERFLY OIL BURNER,265,921.87,61,24,4.344262295081967
PORCELAIN ROSE LARGE ,299,348.43000000000006,14,11,21.357142857142858
PORCELAIN ROSE SMALL,1607,1295.0,63,32,25.50793650793651
PORCELAIN T-LIGHT HOLDERS ASSORTED,824,1149.02,101,51,8.158415841584159
POSTE FRANCE CUSHION COVER,438,1888.9,150,90,2.92
POSY CANDY BAG,92,109.96,16,8,5.75
POTTERING IN THE SHED METAL SIGN,4179,9413.82,538,225,7.767657992565056
POTTERING MUG,3796,4834.51,333,141,11.3993993993994
POTTING SHED CANDLE CITRONELLA,405,1268.1899999999998,3,1,135.0
POTTING SHED ROSE CANDLE,493,1541.11,25,6,19.72
POTTING SHED SEED ENVELOPES,597,908.33,130,57,4.592307692307692
POTTING SHED SOW 'N' GROW SET,2,12.72,2,1,1.0
POTTING SHED TEA MUG,2479,3262.25,302,153,8.208609271523178
POTTING SHED TWINE,983,2279.09,110,79,8.936363636363636
PRETTY HANGING QUILTED HEARTS,1278,1090.02,74,65,17.27027027027027
PSYCHEDELIC METAL SIGN CALENDAR,10,7.9,3,3,3.3333333333333335
PSYCHEDELIC TILE COASTER,430,195.22,28,18,15.357142857142858
PSYCHEDELIC TILE HOOK,299,182.95000000000002,44,36,6.795454545454546
PSYCHEDELIC WALL THERMOMETER,80,112.47999999999999,14,14,5.714285714285714
PURPLE ACRYLIC FACETED BANGLE,107,132.05,8,4,13.375
PURPLE AMETHYST NECKLACE W TASSEL,5,49.81,5,3,1.0
PURPLE ANEMONE ARTIFICIAL FLOWER,4,6.76,1,1,4.0
PURPLE BERTIE GLASS BEAD BAG CHARM,95,110.03,19,3,5.0
PURPLE BOUDICCA LARGE BRACELET,38,264.94,15,10,2.533333333333333
PURPLE CHUNKY GLASS+BEAD NECKLACE,1,11.95,1,1,1.0
PURPLE CRYSTAL DROP EARRINGS,3,8.76,3,0,1.0
PURPLE DRAWERKNOB ACRYLIC EDWARDIAN,3227,4621.87,237,79,13.61603375527426
PURPLE DRESS JEWELLERY STAND,61,48.19,3,3,20.333333333333332
PURPLE ENAMEL FLOWER HAIR TIE,22,64.28,15,1,1.4666666666666666
PURPLE ENAMEL FLOWER RING,69,202.51000000000002,28,11,2.4642857142857144
PURPLE ENAMEL+GLASS HAIR COMB,84,163.8,4,3,21.0
PURPLE FINE BEAD NECKLACE W TASSEL,3,17.59,3,0,1.0
PURPLE FOXGLOVE ARTIIFCIAL FLOWER,11,28.049999999999997,3,2,3.6666666666666665
PURPLE FRANGIPANI HAIRCLIP,28,23.16,12,1,2.3333333333333335
PURPLE FRANGIPANI NECKLACE,29,72.66,16,2,1.8125
PURPLE GEMSTONE BRACELET,19,122.84,10,7,1.9
PURPLE GEMSTONE NECKLACE 45CM,8,102.0,5,5,1.6
PURPLE GLASS TASSLE BAG CHARM,42,77.03999999999999,14,1,3.0
PURPLE LAS VEGAS BRACELET ROUND,7,26.25,3,2,2.3333333333333335
PURPLE LEAVES AND BEADS PHONE CHAR,2,4.97,2,0,1.0
PURPLE PAPER PARASOL,314,1025.94,88,43,3.5681818181818183
PURPLE SWEETHEART BRACELET,78,328.44,50,14,1.56
PURPLE VINTAGE EARRINGS,6,25.17,3,0,2.0
PURPLE/BLUE CERAMIC CANDLE HOLDER,4,9.879999999999999,2,1,2.0
PURPLE/COPPER HANGING LAMPSHADE,22,18.7,8,5,2.75
PURPLE/TURQ FLOWERS HANDBAG,2,2.5,1,1,2.0
QUEEN OF SKIES LUGGAGE TAG,197,292.29,99,20,1.9898989898989898
QUEEN OF THE SKIES HOLIDAY PURSE ,25,66.26,20,3,1.25
QUEEN OF THE SKIES PASSPORT COVER ,148,286.39,76,20,1.9473684210526316
RABBIT  DESIGN  COTTON TOTE BAG,181,444.07,62,21,2.9193548387096775
RABBIT EASTER DECORATION,8,23.6,3,3,2.6666666666666665
RABBIT NIGHT LIGHT,30788,66964.99,994,450,30.973843058350102
RAIN PONCHO ,412,269.61,5,3,82.4
RAIN PONCHO RETROSPOT,8878,7163.65,243,115,36.534979423868315
RAINBOW PEGS PHOTO CLIP STRING,292,191.18,39,19,7.487179487179487
RAINY LADIES BIRTHDAY CARD,2430,1033.81,213,90,11.408450704225352
RASPBERRY ANT COPPER FLOWER NECKLAC,13,77.91,8,6,1.625
RASTA IN BATH W SPLIFF ASHTRAY,8,6.8,6,5,1.3333333333333333
RATTLE SNAKE EGGS,815,691.85,102,57,7.990196078431373
RECIPE BOX BLUE SKETCHBOOK DESIGN,1517,5195.030000000001,356,163,4.26123595505618
RECIPE BOX PANTRY YELLOW DESIGN,8276,26240.600000000002,1111,471,7.449144914491449
RECIPE BOX RETROSPOT ,2901,8101.150000000001,464,233,6.252155172413793
RECIPE BOX WITH METAL HEART,12,95.4,6,3,2.0
"RECORD FRAME 7"" SINGLE SIZE ",4374,11354.56,361,73,12.11634349030471
RECTANGULAR SHAPED MIRROR,512,446.15000000000003,37,27,13.837837837837839
RECYCLED ACAPULCO MAT BLUE,365,3223.49,162,95,2.253086419753086
RECYCLED ACAPULCO MAT GREEN,497,4286.55,205,116,2.424390243902439
RECYCLED ACAPULCO MAT LAVENDER,297,2621.43,130,81,2.2846153846153845
RECYCLED ACAPULCO MAT PINK,365,3262.57,164,105,2.225609756097561
RECYCLED ACAPULCO MAT RED,456,3896.84,186,103,2.4516129032258065
RECYCLED ACAPULCO MAT TURQUOISE,654,5949.34,278,147,2.352517985611511
RECYCLED PENCIL WITH RABBIT ERASER,3104,702.96,168,68,18.476190476190474
RECYCLING BAG RETROSPOT ,6910,15636.99,748,187,9.237967914438503
RED   ACRYLIC FACETED BANGLE,99,130.51000000000002,10,5,9.9
RED  EGG  SPOON,1369,185.51999999999998,92,54,14.880434782608695
RED  HARMONICA IN BOX ,21933,26331.58,661,349,33.18154311649017
RED 3 PIECE RETROSPOT CUTLERY SET,1671,6494.66,120,80,13.925
RED APPLES CHOPPING BOARD   ,155,785.1700000000001,45,38,3.4444444444444446
RED BABY BUNTING ,1128,3559.0,234,143,4.82051282051282
RED BOUDICCA LARGE BRACELET,30,209.73000000000002,12,7,2.5
RED CHARLIE+LOLA PERSONAL DOORSIGN,1301,688.91,125,88,10.408
RED COAT RACK PARIS FASHION,352,1673.15,112,78,3.142857142857143
RED DAISY PAPER LAMPSHADE,50,62.5,6,6,8.333333333333334
RED DAISY POCKET BOOK ,167,144.29,33,30,5.0606060606060606
RED DINER WALL CLOCK,1403,11882.57,460,206,3.05
RED DRAGONFLY HELICOPTER,106,856.38,67,41,1.5820895522388059
RED DRAWER KNOB ACRYLIC EDWARDIAN,2278,2901.75,140,56,16.271428571428572
RED ENAMEL FLOWER RING,63,185.42000000000002,21,12,3.0
RED ENCHANTED FOREST PLACEMAT,678,1454.8799999999999,110,37,6.163636363636364
RED FLOCK LOVE HEART PHOTO FRAME,1091,582.03,82,47,13.304878048780488
RED FLORAL FELTCRAFT SHOULDER BAG,1962,7236.93,305,157,6.432786885245902
RED FLOWER CROCHET FOOD COVER,304,1116.89,112,71,2.7142857142857144
RED GINGHAM ROSE JEWELLERY BOX,1744,3398.95,286,147,6.0979020979020975
RED GINGHAM TEDDY BEAR ,774,2314.7400000000002,169,91,4.579881656804734
RED GLASS TASSLE BAG CHARM,40,88.03,16,5,2.5
RED HANGING HEART T-LIGHT HOLDER,7882,23228.74,741,385,10.63697705802969
RED HEART LUGGAGE TAG,304,447.34,96,36,3.1666666666666665
RED HEART SHAPE LOVE BUCKET ,1395,2803.13,159,95,8.773584905660377
RED HEARTS LIGHT CHAIN ,503,1042.66,63,32,7.984126984126984
RED KITCHEN SCALES,1627,14141.7,546,292,2.97985347985348
RED KUKUI COCONUT SEED NECKLACE,122,190.73000000000002,25,13,4.88
RED LOVE HEART SHAPE CUP,1038,939.03,154,60,6.740259740259741
RED METAL BEACH SPADE ,1494,2114.64,229,106,6.524017467248909
RED METAL BOX TOP SECRET,1079,9158.87,257,148,4.198443579766537
RED PAPER PARASOL,645,1822.71,84,53,7.678571428571429
RED PEONY CUSHION COVER ,17,79.05000000000001,5,4,3.4
RED PEONY TABLE CLOCK,16,47.2,10,9,1.6
RED POLKADOT BEAKER ,3865,1603.77,131,88,29.50381679389313
RED POLKADOT PUDDING BOWL,34,46.39,7,5,4.857142857142857
RED PUDDING SPOON,881,128.63,72,42,12.23611111111111
RED PURSE WITH PINK HEART,7,8.75,2,2,3.5
RED REFECTORY CLOCK ,251,2511.59,110,75,2.2818181818181817
RED RETRO KITCHEN WALL CLOCK,47,400.01,23,19,2.0434782608695654
RED RETROSPOT APRON ,335,2205.4700000000003,131,71,2.5572519083969465
RED RETROSPOT BIG BOWL,286,1336.78,96,33,2.9791666666666665
RED RETROSPOT BOWL,5076,6441.06,448,185,11.330357142857142
RED RETROSPOT BUTTER DISH,972,4758.75,238,123,4.084033613445378
RED RETROSPOT CAKE STAND,2013,21365.25,539,260,3.7346938775510203
RED RETROSPOT CHARLOTTE BAG,17765,21776.79,1032,335,17.214147286821706
RED RETROSPOT CHILDRENS UMBRELLA,1241,4190.83,237,138,5.236286919831223
RED RETROSPOT CUP,3969,3488.44,387,160,10.255813953488373
RED RETROSPOT LUGGAGE TAG,434,653.36,105,44,4.133333333333334
RED RETROSPOT MINI CASES,1748,12642.93,385,235,4.54025974025974
RED RETROSPOT MUG,1848,5170.64,156,99,11.846153846153847
RED RETROSPOT OVEN GLOVE ,4035,6321.76,451,175,8.946784922394679
RED RETROSPOT OVEN GLOVE DOUBLE,921,3909.63,255,100,3.611764705882353
RED RETROSPOT PEG BAG,3157,9301.4,485,205,6.509278350515464
RED RETROSPOT PICNIC BAG,3987,11671.09,531,223,7.508474576271187
RED RETROSPOT PLATE ,3376,5704.78,304,148,11.105263157894736
RED RETROSPOT PUDDING BOWL,333,1392.21,61,50,5.459016393442623
RED RETROSPOT PURSE ,461,1546.2700000000002,156,58,2.9551282051282053
RED RETROSPOT ROUND CAKE TINS,1089,11532.39,344,167,3.1656976744186047
RED RETROSPOT SHOPPER BAG,4776,6613.04,575,236,8.306086956521739
RED RETROSPOT SHOPPING BAG,523,1353.6899999999998,90,57,5.811111111111111
RED RETROSPOT SMALL MILK JUG,2497,6011.51,343,204,7.279883381924198
RED RETROSPOT STORAGE JAR,336,1343.64,69,38,4.869565217391305
RED RETROSPOT SUGAR JAM BOWL,1520,3692.37,246,143,6.178861788617886
RED RETROSPOT TAPE,1903,858.7800000000001,240,84,7.929166666666666
RED RETROSPOT TEA CUP AND SAUCER ,854,2831.17,162,90,5.271604938271605
RED RETROSPOT TISSUE BOX,2172,1138.2,200,117,10.86
RED RETROSPOT TRADITIONAL TEAPOT ,481,3756.79,144,95,3.3402777777777777
RED RETROSPOT UMBRELLA,1940,11295.01,373,210,5.201072386058981
RED RETROSPOT WASHBAG,79,227.6,34,12,2.323529411764706
RED RETROSPOT WRAP ,10551,4322.42,336,238,31.401785714285715
RED ROCKING HORSE HAND PAINTED,2331,2933.07,160,82,14.56875
RED ROSE AND LACE C/COVER,3,8.850000000000001,1,1,3.0
RED SHARK HELICOPTER,52,421.18,36,20,1.4444444444444444
RED SPOT CERAMIC DRAWER KNOB,4421,6078.54,369,164,11.981029810298104
RED SPOT PAPER GIFT BAG,2456,1962.83,131,108,18.748091603053435
RED SPOTTY BISCUIT TIN,2433,10116.49,394,130,6.175126903553299
RED STAR CARD HOLDER,848,1997.48,149,111,5.691275167785235
RED STONE/CRYSTAL EARRINGS,3,8.7,3,0,1.0
RED STRIPE CERAMIC DRAWER KNOB,5528,7527.66,437,169,12.649885583524027
RED TEA TOWEL CLASSIC DESIGN,631,757.21,73,57,8.643835616438356
RED TOADSTOOL LED NIGHT LIGHT,14009,23932.98,849,266,16.500588928150766
RED VICTORIAN FABRIC OVAL BOX,862,352.25,98,36,8.795918367346939
RED VINTAGE SPOT BEAKER,1891,1613.59,198,114,9.55050505050505
RED WHITE SCARF  HOT WATER BOTTLE,69,566.1700000000001,16,2,4.3125
RED WOOLLY HOTTIE WHITE HEART.,4765,22144.98,429,228,11.107226107226108
RED/CREAM STRIPE CUSHION COVER ,414,509.9,60,35,6.9
REGENCY CAKE FORK,1715,2145.3,98,58,17.5
REGENCY CAKE SLICE,578,2718.65,92,70,6.282608695652174
REGENCY CAKESTAND 3 TIER,13879,174484.74,1988,881,6.981388329979879
REGENCY MILK JUG PINK ,3164,9600.15,329,206,9.617021276595745
REGENCY MIRROR WITH SHUTTERS,10,1530.0,7,7,1.4285714285714286
REGENCY SUGAR BOWL GREEN,3057,12350.73,322,190,9.493788819875776
REGENCY SUGAR TONGS,1832,4515.22,209,95,8.76555023923445
REGENCY TEA PLATE GREEN ,6247,10051.99,381,195,16.396325459317584
REGENCY TEA PLATE PINK,3871,6360.909999999999,305,160,12.691803278688525
REGENCY TEA PLATE ROSES ,6869,11117.05,445,224,15.435955056179775
REGENCY TEA SPOON,1462,1809.48,76,50,19.236842105263158
REGENCY TEA STRAINER,1412,5143.6900000000005,176,96,8.022727272727273
REGENCY TEAPOT ROSES ,2770,24918.93,416,248,6.658653846153846
REINDEER HEART DECORATION GOLD,994,869.9799999999999,103,55,9.650485436893204
REINDEER HEART DECORATION SILVER,1537,1363.87,145,85,10.6
RELAX LARGE WOOD LETTERS,130,860.23,29,22,4.482758620689655
RESIN BRACELET W PASTEL BEADS,4,19.8,3,2,1.3333333333333333
RESIN NECKLACE W PASTEL BEADS,9,67.62,7,4,1.2857142857142858
RETO LEAVES MAGNETIC SHOPPING LIST,36,52.199999999999996,3,3,12.0
"RETRO ""TEA FOR ONE"" ",21,120.99,17,9,1.2352941176470589
RETRO BROWN BALL ASHTRAY ,41,51.25,5,3,8.2
RETRO LEAVES MAGNETIC NOTEPAD,106,155.54,19,17,5.578947368421052
RETRO LONGBOARD IRONING BOARD COVER,286,552.76,105,31,2.723809523809524
RETRO MOD TRAY,800,717.11,156,69,5.128205128205129
"RETRO PILL BOX , REVOLUTIONARY",190,35.33,11,9,17.272727272727273
"RETRO PILL BOX KEY CHAIN,THE KING",235,43.65,14,13,16.785714285714285
RETRO PINK BALL ASHTRAY ,46,57.5,13,11,3.5384615384615383
RETRO PLASTIC 70'S TRAY,387,183.10999999999999,64,25,6.046875
RETRO PLASTIC DAISY TRAY,300,164.59,60,23,5.0
RETRO PLASTIC ELEPHANT TRAY,1105,812.53,65,57,17.0
RETRO PLASTIC POLKA TRAY,866,426.65999999999997,81,41,10.691358024691358
"RETRO TIN ASHTRAY,REVOLUTIONARY",52,19.4,4,4,13.0
RETROSPOT BABUSHKA DOORSTOP,251,495.2,54,44,4.648148148148148
RETROSPOT CANDLE  LARGE,273,362.12,30,17,9.1
RETROSPOT CANDLE  MEDIUM,365,413.88,43,26,8.488372093023257
RETROSPOT CANDLE  SMALL,404,376.18,42,24,9.619047619047619
RETROSPOT CHILDRENS APRON,3171,6093.05,358,202,8.85754189944134
RETROSPOT CIGAR BOX MATCHES ,2162,2164.46,216,156,10.00925925925926
RETROSPOT GIANT TUBE MATCHES,1497,3450.15,132,99,11.340909090909092
RETROSPOT HEART HOT WATER BOTTLE,3533,17708.53,623,371,5.670947030497592
RETROSPOT LAMP,334,3561.3399999999997,155,92,2.1548387096774193
RETROSPOT LARGE MILK JUG,1361,6701.22,339,209,4.014749262536873
RETROSPOT PADDED SEAT CUSHION,750,2860.98,83,43,9.036144578313253
RETROSPOT PARTY BAG + STICKER SET,4494,7047.24,317,167,14.176656151419559
RETROSPOT RED WASHING UP GLOVES,1458,3090.96,304,153,4.796052631578948
RETROSPOT SMALL TUBE MATCHES,1066,1754.8999999999999,146,119,7.301369863013699
RETROSPOT TEA SET CERAMIC 11 PC ,4527,22912.81,962,488,4.705821205821206
RETROSPOT WOODEN HEART DECORATION,2078,1887.9799999999998,246,132,8.447154471544716
REVOLVER WOODEN RULER ,5236,10379.84,348,217,15.045977011494253
REX CASH+CARRY JUMBO SHOPPER,1939,1842.05,871,480,2.2261768082663607
RIBBON REEL CHRISTMAS PRESENT ,1389,2695.8,259,148,5.362934362934363
RIBBON REEL CHRISTMAS SOCK BAUBLE,1835,3585.02,318,168,5.770440251572327
RIBBON REEL FLORA + FAUNA ,654,1193.0,138,74,4.739130434782608
RIBBON REEL HEARTS DESIGN ,1911,3348.39,323,190,5.91640866873065
RIBBON REEL LACE DESIGN ,1381,2948.41,192,105,7.192708333333333
RIBBON REEL MAKING SNOWMEN ,1233,2315.25,223,130,5.5291479820627805
RIBBON REEL POLKADOTS ,1221,2028.23,155,116,7.877419354838709
RIBBON REEL SNOWY VILLAGE,2189,3856.07,275,147,7.96
RIBBON REEL SOCKS AND MITTENS,746,1387.46,136,73,5.485294117647059
RIBBON REEL STRIPES DESIGN ,2713,4716.33,409,250,6.6332518337408315
RIBBONS PURSE ,192,377.2,51,23,3.764705882352941
RIDGED BONNE JAM JAR T-LIGHT HOLDER,286,457.61999999999995,25,23,11.44
RIDGED GLASS FINGER BOWL,986,509.36,59,40,16.71186440677966
RIDGED GLASS POSY VASE ,219,444.58,47,15,4.659574468085107
RIDGED GLASS STORAGE JAR CREAM LID,99,353.97,18,15,5.5
RIDGED GLASS T-LIGHT HOLDER,412,283.51,43,21,9.581395348837209
RING OF ROSES BIRTHDAY CARD,1847,766.09,130,73,14.207692307692307
RIVIERA NECKLACE,10,49.59,5,2,2.0
ROBIN CHRISTMAS CARD,10,5.02,4,1,2.5
ROBOT BIRTHDAY CARD,3977,1715.48,354,173,11.234463276836157
ROBOT MUG IN DISPLAY BOX,3,3.75,2,2,1.5
ROCKING HORSE GREEN CHRISTMAS ,1393,1255.72,179,114,7.782122905027933
ROCKING HORSE RED CHRISTMAS ,2441,2191.43,254,152,9.61023622047244
ROCOCO WALL MIROR,2,39.9,1,1,2.0
ROCOCO WALL MIRROR WHITE,78,1567.1399999999999,45,42,1.7333333333333334
ROLL WRAP 50'S CHRISTMAS,3539,4880.65,354,242,9.997175141242938
ROLL WRAP 50'S RED CHRISTMAS ,1803,2462.95,212,151,8.504716981132075
ROLL WRAP VINTAGE CHRISTMAS,3231,4355.1,337,214,9.58753709198813
ROLL WRAP VINTAGE SPOT ,2721,3456.33,305,205,8.921311475409835
ROMANTIC IMAGES GIFT WRAP SET,790,777.1400000000001,135,82,5.851851851851852
ROMANTIC IMAGES NOTEBOOK SET,414,564.35,33,25,12.545454545454545
ROMANTIC IMAGES SCRAP BOOK SET,16,45.9,7,7,2.2857142857142856
ROMANTIC PINKS RIBBONS ,1218,1520.65,225,162,5.413333333333333
ROSE 1 WICK MORRIS BOXED CANDLE,758,1104.8600000000001,84,66,9.023809523809524
ROSE 3 WICK MORRIS BOX CANDLE,1153,1787.88,131,86,8.801526717557252
ROSE CARAVAN DOORSTOP,566,3174.84,162,104,3.493827160493827
ROSE COLOUR PAIR HEART HAIR SLIDES,15,56.31,10,3,1.5
ROSE COTTAGE KEEPSAKE BOX ,795,7861.93,189,118,4.2063492063492065
ROSE DU SUD COSMETICS BAG,97,365.09,52,16,1.8653846153846154
ROSE DU SUD CUSHION COVER,78,460.58,46,6,1.6956521739130435
ROSE DU SUD CUSHION COVER ,59,257.61,34,4,1.7352941176470589
ROSE DU SUD DRAWSTRING BAG,125,428.66,66,5,1.893939393939394
ROSE DU SUD OVEN GLOVE,185,505.20000000000005,69,27,2.681159420289855
ROSE DU SUD WASHBAG ,74,354.14,50,12,1.48
ROSE FLOWER CANDLE+INCENSE 16X16CM,4,15.0,2,1,2.0
ROSE FOLKART HEART DECORATIONS,462,600.93,88,39,5.25
ROSE PENDANT TRIPLE SHELL NECKLACE,4,20.36,2,1,2.0
ROSE SCENT CANDLE IN JEWELLED BOX,331,1392.19,65,44,5.092307692307692
ROSE SCENT CANDLE JEWELLED DRAWER,531,730.97,41,30,12.951219512195122
ROSES REGENCY TEACUP AND SAUCER ,9877,29095.27,1065,423,9.274178403755869
ROTATING LEAVES T-LIGHT HOLDER,1934,3578.83,313,79,6.178913738019169
ROTATING SILVER ANGELS T-LIGHT HLDR,9476,26463.829999999998,449,192,21.104677060133632
ROUND ARTICULATED PINK CLOCK W/SUCK,28,5.32,3,2,9.333333333333334
ROUND BLUE CLOCK WITH SUCKER,211,40.09,10,9,21.1
ROUND CACTUS CANDLE,6,17.700000000000003,4,4,1.5
ROUND CAKE TIN VINTAGE GREEN,530,4109.72,213,156,2.488262910798122
ROUND CAKE TIN VINTAGE RED,916,6927.64,271,193,3.3800738007380073
ROUND CONTAINER SET OF 5 RETROSPOT,1604,2663.5399999999995,238,103,6.739495798319328
ROUND PINK HEART MIRROR,85,188.81,22,11,3.8636363636363638
ROUND PURPLE CLOCK WITH SUCKER,367,69.73,24,22,15.291666666666666
ROUND SNACK BOXES SET OF 4 FRUITS ,6847,19130.37,581,227,11.78485370051635
ROUND SNACK BOXES SET OF 4 SKULLS,1178,4336.7,287,106,4.104529616724738
ROUND SNACK BOXES SET OF4 WOODLAND ,8560,24438.620000000003,732,281,11.693989071038251
ROUND STORAGE TIN VINTAGE LEAF,864,1593.58,103,80,8.388349514563107
ROUND WHITE CONFETTI IN TUBE,108,189.67999999999998,13,9,8.307692307692308
RUBY DROP CHANDELIER EARRINGS,21,83.42,14,2,1.5
RUBY GLASS CLUSTER BRACELET,20,122.64000000000001,14,3,1.4285714285714286
RUBY GLASS CLUSTER EARRINGS,44,54.62,33,1,1.3333333333333333
RUBY GLASS CLUSTER NECKLACE,2,15.0,1,1,2.0
"RUBY GLASS NECKLACE 42""",1,7.5,1,0,1.0
RUSTIC  SEVENTEEN DRAWER SIDEBOARD,35,5415.0,26,21,1.3461538461538463
RUSTIC MIRROR WITH LACE HEART,459,2354.87,83,59,5.530120481927711
RUSTIC STRAWBERRY JAM POT LARGE ,279,577.48,38,32,7.342105263157895
RUSTIC STRAWBERRY JAM POT SMALL,426,681.54,32,24,13.3125
RUSTIC STRAWBERRY JAMPOT LARGE ,120,238.56,6,6,20.0
RUSTIC STRAWBERRY JAMPOT SMALL,36,59.39999999999999,3,3,12.0
"RUSTIC WOODEN CABINET, GLASS DOORS",5,174.76999999999998,3,2,1.6666666666666667
S/12 MINI RABBIT EASTER,337,556.53,69,53,4.884057971014493
S/12 VANILLA  BOTANICAL T-LIGHTS,227,661.9300000000001,42,37,5.404761904761905
S/15 SILVER GLASS BAUBLES IN BAG,558,725.52,62,35,9.0
S/2 BEACH HUT TREASURE CHESTS,3,9.95,2,2,1.5
S/2 ZINC HEART DESIGN PLANTERS,40,398.0,28,26,1.4285714285714286
S/3 PINK SQUARE PLANTERS ROSES,10,88.22,9,2,1.1111111111111112
S/3 POT POURI CUSHIONS BLUE COLOURS,24,50.400000000000006,2,2,12.0
S/4 BLACK DISCO PARTITION PANEL,3,24.869999999999997,1,0,3.0
S/4 BLACK MINI ROSE CANDLE IN BOWL,305,265.77,67,9,4.552238805970149
S/4 CACTI CANDLES,617,2946.88,157,55,3.929936305732484
S/4 GROOVY CAT MAGNETS,149,175.16,24,15,6.208333333333333
"S/4 ICON COASTER,ELVIS LIVES",25,10.61,9,7,2.7777777777777777
S/4 IVORY MINI ROSE CANDLE IN BOWL,806,1174.6299999999999,172,38,4.686046511627907
S/4 PINK FLOWER CANDLES IN BOWL,922,1715.8999999999999,185,86,4.9837837837837835
S/4 VALENTINE DECOUPAGE HEART BOX,1484,2443.04,131,82,11.32824427480916
S/6 SEW ON CROCHET FLOWERS,110,140.02,20,17,5.5
S/6 WOODEN SKITTLES IN COTTON BAG,1152,3689.46,231,143,4.987012987012987
SALLE DE BAIN HOOK,553,783.8199999999999,103,49,5.368932038834951
SAMPLES,2,63.05,2,0,1.0
SANDALWOOD FAN,2091,1979.4899999999998,145,58,14.420689655172414
SANDWICH BATH SPONGE,719,1022.8,97,28,7.412371134020619
SAVE THE PLANET COTTON TOTE BAG,720,1664.8999999999999,175,94,4.114285714285714
SAVE THE PLANET MUG,5454,6681.21,357,133,15.277310924369749
SAVOY ART DECO CLOCK,239,1453.5800000000002,53,35,4.509433962264151
SCALLOP SHELL SOAP DISH,1,2.1,1,1,1.0
SCANDINAVIAN 3 HEARTS NAPKIN RING,1932,696.8,124,46,15.580645161290322
SCANDINAVIAN PAISLEY PICNIC BAG,2724,5001.98,446,218,6.1076233183856505
SCANDINAVIAN REDS RIBBONS,2975,4151.82,451,248,6.596452328159645
SCENTED CANDLE IN DIGITALIS TIN,57,128.14000000000001,13,9,4.384615384615385
SCENTED VELVET LOUNGE CANDLE ,1790,760.15,55,47,32.54545454545455
SCHOOL DESK AND CHAIR ,19,1199.75,13,13,1.4615384615384615
SCOTTIE DOG HOT WATER BOTTLE,4666,24509.84,771,425,6.051880674448768
SCOTTIE DOGS BABY BIB,1993,951.1099999999999,246,68,8.101626016260163
SCOTTIES CHILDRENS APRON,210,348.91999999999996,57,9,3.6842105263157894
SCOTTIES DESIGN WASHBAG,170,314.54999999999995,56,26,3.0357142857142856
SEASIDE FLYING DISC,505,626.53,81,33,6.234567901234568
SET 10 CARD CHRISTMAS STAMPS 16963,2,5.82,1,0,2.0
SET 10 CARD CHRISTMAS WELCOME 17112,8,23.28,6,0,1.3333333333333333
SET 10 CARD KRAFT REINDEER 17084,20,49.800000000000004,14,0,1.4285714285714286
SET 10 CARD PERFECT NATIVITY 17089,4,9.96,4,0,1.0
SET 10 CARD SNOWMAN 16965,5,12.450000000000001,4,0,1.25
SET 10 CARDS 12 DAYS OF XMAS 17059,4,11.64,1,0,4.0
SET 10 CARDS 12 DAYS WRAP  17058,26,86.58000000000001,11,0,2.3636363636363638
SET 10 CARDS 3 WISE MEN 17107,1,2.91,1,0,1.0
SET 10 CARDS CHEERFUL ROBIN 17065,15,31.200000000000003,10,0,1.5
SET 10 CARDS CHRISTMAS BAUBLE 16954,1,3.33,1,0,1.0
SET 10 CARDS CHRISTMAS HOLLY  17259,3,12.48,3,0,1.0
SET 10 CARDS CHRISTMAS ROBIN 17095,3,6.24,3,0,1.0
SET 10 CARDS CHRISTMAS TREE 16955,5,16.65,5,0,1.0
SET 10 CARDS DAVID'S MADONNA 17074,6,14.940000000000001,4,0,1.5
SET 10 CARDS DECK THE HALLS 16960,2,4.98,2,0,1.0
SET 10 CARDS DINKY TREE 17076,43,107.07000000000001,16,0,2.6875
SET 10 CARDS DRESSING UP 17077,24,59.760000000000005,10,0,2.4
SET 10 CARDS FILIGREE BAUBLE 16961,4,9.96,4,0,1.0
SET 10 CARDS HANGING BAUBLES 17080,2,5.48,2,1,1.0
SET 10 CARDS HATS & STOCKINGS 17081,8,13.28,7,0,1.1428571428571428
SET 10 CARDS JINGLE BELLS 16957,8,19.92,5,0,1.6
SET 10 CARDS JINGLE BELLS 17217,8,19.92,7,0,1.1428571428571428
SET 10 CARDS MAGICAL TREE 17086,4,13.32,4,0,1.0
SET 10 CARDS OUT OF ORDER 17216,11,27.39,9,0,1.2222222222222223
SET 10 CARDS PERFECT POST 17090,10,24.900000000000002,7,0,1.4285714285714286
SET 10 CARDS POINSETTIA 17093,4,9.96,2,0,2.0
SET 10 CARDS PRINTED GRAPHIC 17219,4,9.96,4,0,1.0
SET 10 CARDS RED RIDING HOOD 17214,40,99.60000000000001,16,0,2.5
SET 10 CARDS ROBIN WATERPUMP  17096,2,5.82,2,0,1.0
SET 10 CARDS RUDOLPHS NOSE 17097,4,11.64,3,0,1.3333333333333333
SET 10 CARDS SCOTTIE DOG 17211,9,22.410000000000004,8,0,1.125
SET 10 CARDS SNOWY ROBIN 17099,1,2.91,1,0,1.0
SET 10 CARDS SNOWY SNOWDROPS  17100,8,19.92,4,0,2.0
SET 10 CARDS SWIRLY XMAS TREE 17104,2,5.82,1,0,2.0
SET 10 CARDS TRIANGLE ICONS  17220,1,2.91,1,0,1.0
SET 10 CARDS WISHING TREE 17116,9,26.19,7,0,1.2857142857142858
SET 10 CARDS WORLD CHILDREN 17067,3,7.470000000000001,3,0,1.0
SET 10 CARDS XMAS CHOIR 17068,5,14.55,5,0,1.0
SET 10 CARDS XMAS GRAPHIC  17218,7,17.43,2,0,3.5
SET 10 CHRISTMAS CARDS HOHOHO 16956,9,22.410000000000004,4,0,2.25
SET 10 LIGHTS NIGHT OWL,461,3317.4700000000003,119,53,3.8739495798319328
SET 10 MINI SANTA & SNOWMAN  17087,4,6.64,2,0,2.0
SET 10 MINICARDS CUTE SNOWMAN 17071,5,8.299999999999999,2,0,2.5
SET 10 NIGHT OWL LIGHTS,506,3915.48,170,59,2.976470588235294
SET 10 XMAS CARDS & BADGES 17070,11,27.39,6,0,1.8333333333333333
SET 12 COLOUR PENCILS DOILEY,48,31.200000000000003,3,3,16.0
SET 12 COLOUR PENCILS DOLLY GIRL ,2382,1681.5,232,134,10.267241379310345
SET 12 COLOUR PENCILS LOVE LONDON,1859,1464.38,169,107,11.0
SET 12 COLOUR PENCILS SPACEBOY ,3285,2495.75,282,184,11.648936170212766
SET 12 COLOURING PENCILS DOILEY,1,0.65,1,1,1.0
SET 12 COLOURING PENCILS DOILY,2204,1638.7,191,112,11.539267015706807
SET 12 KIDS  WHITE CHALK STICKS,4156,1704.03,225,132,18.47111111111111
SET 12 KIDS COLOUR  CHALK STICKS,7200,2950.67,369,193,19.51219512195122
SET 12 LAVENDER  BOTANICAL T-LIGHTS,764,2089.64,76,59,10.052631578947368
SET 12 RETRO WHITE CHALK STICKS,4600,1973.9099999999999,359,156,12.813370473537605
SET 12 VINTAGE DOILY CHALK ,1315,587.49,110,86,11.954545454545455
SET 2 PANTRY DESIGN TEA TOWELS,2815,9012.27,372,241,7.567204301075269
SET 2 TEA TOWELS I LOVE LONDON ,2130,6875.88,264,111,8.068181818181818
SET 20 NAPKINS FAIRY CAKES DESIGN ,2749,2375.44,350,198,7.854285714285714
SET 3 PAPER VINTAGE CHICK PAPER EGG,1778,5023.5,214,179,8.30841121495327
SET 3 SONG BIRD PAPER EGGS ASSORTED,1173,3277.3100000000004,138,122,8.5
SET 3 WICKER OVAL BASKETS W LIDS,463,5961.25,33,29,14.030303030303031
SET 3 WICKER STORAGE BASKETS ,241,3399.95,74,65,3.2567567567567566
SET 36 COLOUR PENCILS DOILEY,64,80.0,3,3,21.333333333333332
SET 36 COLOUR PENCILS DOLLY GIRL,1391,1752.79,147,76,9.462585034013605
SET 36 COLOUR PENCILS LOVE LONDON,1105,1581.06,126,80,8.76984126984127
SET 36 COLOUR PENCILS SPACEBOY ,1712,2313.53,185,98,9.254054054054054
SET 36 COLOURING PENCILS DOILEY,1,1.25,1,1,1.0
SET 36 COLOURING PENCILS DOILY,1490,2076.6,147,84,10.136054421768707
SET 4 NURSERY DES ROUND BOXES,55,57.25,9,9,6.111111111111111
SET 4 PICNIC CUTLERY BLUEBERRY,82,159.9,9,9,9.11111111111111
SET 4 PICNIC CUTLERY CHERRY ,71,138.45,9,9,7.888888888888889
SET 4 PICNIC CUTLERY FONDANT,65,126.75,6,6,10.833333333333334
SET 4 VALENTINE DECOUPAGE HEART BOX,174,566.1800000000001,64,38,2.71875
SET 40 HEART SHAPE PETIT FOUR CASES,4303,6792.23,161,123,26.726708074534162
SET 6 CARDS SPARKLY REINDEER 17262,9,44.910000000000004,4,0,2.25
SET 6 FOOTBALL CELEBRATION CANDLES,660,834.73,103,59,6.407766990291262
SET 6 PAPER TABLE LANTERN HEARTS ,2333,8577.51,297,205,7.8552188552188555
SET 6 PAPER TABLE LANTERN STARS ,1933,7254.650000000001,246,161,7.857723577235772
SET 6 SCHOOL MILK BOTTLES IN CRATE,2845,13284.49,405,195,7.0246913580246915
SET 7 BABUSHKA NESTING BOXES,1790,14453.470000000001,380,188,4.7105263157894735
SET 8 CANDLES VINTAGE DOILEY,122,216.29999999999998,7,7,17.428571428571427
SET 8 CANDLES VINTAGE DOILY,1065,2079.85,107,88,9.953271028037383
SET OF 10 LANTERNS FAIRY LIGHT STAR,581,2384.9700000000003,99,81,5.8686868686868685
SET OF 10 LED DOLLY LIGHTS,2221,13303.019999999999,372,271,5.970430107526882
SET OF 12  VINTAGE POSTCARD SET,2182,1719.8400000000001,143,103,15.258741258741258
SET OF 12 FAIRY CAKE BAKING CASES,8486,7001.99,552,323,15.373188405797102
SET OF 12 FORK CANDLES,1249,3507.51,141,89,8.858156028368795
SET OF 12 MINI BUNNIES IN A BUCKET,35,73.5,19,18,1.8421052631578947
SET OF 12 MINI LOAF BAKING CASES,6140,5078.429999999999,444,250,13.82882882882883
SET OF 12 ROSE BOTANICAL T-LIGHTS,51,153.29000000000002,9,7,5.666666666666667
SET OF 12 T-LIGHTS VINTAGE DOILEY,61,118.94999999999999,6,6,10.166666666666666
SET OF 12 T-LIGHTS VINTAGE DOILY,932,1753.36,73,67,12.767123287671232
SET OF 16 VINTAGE BLACK CUTLERY,140,1722.74,50,15,2.8
SET OF 16 VINTAGE IVORY CUTLERY,2,25.5,2,2,1.0
SET OF 16 VINTAGE PISTACHIO CUTLERY,317,3585.99,104,36,3.048076923076923
SET OF 16 VINTAGE RED CUTLERY,160,1736.35,58,27,2.7586206896551726
SET OF 16 VINTAGE ROSE CUTLERY,272,3264.63,101,32,2.6930693069306932
SET OF 16 VINTAGE SKY BLUE CUTLERY,178,1931.1699999999998,66,25,2.696969696969697
SET OF 2 CERAMIC CHRISTMAS REINDEER,1448,2019.59,89,68,16.269662921348313
SET OF 2 CERAMIC CHRISTMAS TREES,786,1163.1299999999999,94,63,8.361702127659575
SET OF 2 CERAMIC PAINTED HEARTS ,1183,1659.37,125,96,9.464
SET OF 2 CHRISTMAS DECOUPAGE CANDLE,1212,1232.27,161,74,7.527950310559007
SET OF 2 ROUND TINS CAMEMBERT ,283,751.7700000000001,98,60,2.8877551020408165
SET OF 2 ROUND TINS DUTCH CHEESE,254,538.0600000000001,79,63,3.2151898734177213
SET OF 2 TEA TOWELS APPLE AND PEARS,2063,6349.95,284,163,7.264084507042254
SET OF 2 TEA TOWELS PING MICROWAVE,150,309.11,76,14,1.9736842105263157
SET OF 2 TINS JARDIN DE PROVENCE,253,980.7,96,78,2.6354166666666665
SET OF 2 TINS VINTAGE BATHROOM ,225,1145.15,100,50,2.25
SET OF 2 TRAYS HOME SWEET HOME,267,2729.33,133,103,2.007518796992481
SET OF 2 WOODEN MARKET CRATES,526,7190.349999999999,208,142,2.5288461538461537
SET OF 20 KIDS COOKIE CUTTERS,4321,9404.150000000001,517,290,8.357833655705996
SET OF 20 VINTAGE CHRISTMAS NAPKINS,8987,8050.53,610,368,14.732786885245902
SET OF 3 BABUSHKA STACKING TINS,275,1361.25,13,7,21.153846153846153
SET OF 3 BIRD LIGHT PINK FEATHER ,1862,984.5699999999999,223,114,8.349775784753364
SET OF 3 BLACK FLYING DUCKS,577,2934.8100000000004,111,30,5.198198198198198
SET OF 3 BUTTERFLY COOKIE CUTTERS,5805,8161.46,688,325,8.4375
SET OF 3 CAKE TINS PANTRY DESIGN ,7493,38158.39,1385,640,5.410108303249097
SET OF 3 CAKE TINS SKETCHBOOK,1022,4678.71,297,183,3.441077441077441
SET OF 3 COLOURED  FLYING DUCKS,394,1888.1000000000001,39,28,10.102564102564102
SET OF 3 CONEY ISLAND OVAL BOXES,13,66.12,8,7,1.625
SET OF 3 GOLD FLYING DUCKS,127,454.65,21,16,6.0476190476190474
SET OF 3 HANGING OWLS OLLIE BEAK,3749,4557.97,325,171,11.535384615384615
SET OF 3 HEART COOKIE CUTTERS,6350,8540.9,685,376,9.27007299270073
SET OF 3 MINI HANGING PORTRAITS,32,123.2,2,2,16.0
SET OF 3 NOTEBOOKS IN PARCEL,5445,9043.939999999999,422,253,12.902843601895734
SET OF 3 PANTRY WOODEN SPOONS,225,306.66,41,21,5.487804878048781
SET OF 3 PINK FLYING DUCKS,1,5.45,1,1,1.0
SET OF 3 REGENCY CAKE TINS,6357,31177.95,873,472,7.281786941580756
SET OF 3 WOODEN HEART DECORATIONS,3893,5184.69,445,269,8.748314606741573
SET OF 3 WOODEN SLEIGH DECORATIONS,1966,2694.56,299,177,6.575250836120401
SET OF 3 WOODEN STOCKING DECORATION,2064,2757.57,319,201,6.470219435736677
SET OF 3 WOODEN TREE DECORATIONS,1784,2423.54,293,180,6.088737201365188
SET OF 36 DINOSAUR PAPER DOILIES,335,499.08,65,35,5.153846153846154
SET OF 36 DOILIES PANTRY DESIGN,2741,3983.6,244,172,11.23360655737705
SET OF 36 DOILIES SPACEBOY DESIGN ,817,1135.3999999999999,68,47,12.014705882352942
SET OF 36 DOLLY GIRL PAPER DOILIES,45,69.66,15,12,3.0
SET OF 36 MUSHROOM PAPER DOILIES,159,230.54999999999998,30,25,5.3
SET OF 36 PAISLEY FLOWER DOILIES,2219,3545.6,360,177,6.163888888888889
SET OF 36 PANTRY PAPER DOILIES,67,139.78,33,14,2.0303030303030303
SET OF 36 SPACEBOY PAPER DOILIES,51,75.42,8,7,6.375
SET OF 36 TEATIME PAPER DOILIES,3053,4474.07,334,201,9.140718562874252
SET OF 36 VINTAGE CHRISTMAS DOILIES,38,71.27,8,6,4.75
SET OF 4 BLACK LOVEBIRD COASTERS,451,554.78,82,24,5.5
SET OF 4 CAROUSEL PLACEMATS ,91,183.45,23,7,3.9565217391304346
SET OF 4 DIAMOND NAPKIN RINGS,166,1393.79,38,20,4.368421052631579
SET OF 4 ENGLISH ROSE COASTERS,1254,1767.05,279,100,4.494623655913978
SET OF 4 ENGLISH ROSE PLACEMATS,1000,4193.12,298,103,3.3557046979865772
SET OF 4 FAIRY CAKE PLACEMATS,222,843.34,83,37,2.674698795180723
SET OF 4 FAIRY CAKE PLACEMATS ,519,965.41,68,42,7.632352941176471
SET OF 4 GREEN CAROUSEL COASTERS,35,50.75,17,9,2.0588235294117645
SET OF 4 JAM JAR MAGNETS,2732,5907.360000000001,235,141,11.625531914893617
SET OF 4 KNICK KNACK TINS  DOILEY ,6,24.900000000000002,1,1,6.0
SET OF 4 KNICK KNACK TINS DOILEY ,1820,7252.9400000000005,182,142,10.0
SET OF 4 KNICK KNACK TINS DOILY ,2360,9759.68,353,230,6.685552407932011
SET OF 4 KNICK KNACK TINS LEAF,748,3024.76,123,94,6.08130081300813
SET OF 4 KNICK KNACK TINS LEAVES ,306,1253.7800000000002,54,51,5.666666666666667
SET OF 4 KNICK KNACK TINS LONDON ,1862,7825.56,274,150,6.795620437956204
SET OF 4 KNICK KNACK TINS POPPIES,853,3399.4900000000002,178,125,4.792134831460674
SET OF 4 NAPKIN CHARMS 3 KEYS ,238,449.39,57,33,4.175438596491228
SET OF 4 NAPKIN CHARMS CROWNS ,300,481.88,52,37,5.769230769230769
SET OF 4 NAPKIN CHARMS CUTLERY,1253,3044.76,125,77,10.024
SET OF 4 NAPKIN CHARMS HEARTS,806,1937.7099999999998,148,101,5.445945945945946
SET OF 4 NAPKIN CHARMS INSTRUMENT,139,303.72999999999996,37,23,3.7567567567567566
SET OF 4 NAPKIN CHARMS LEAVES   ,240,445.16999999999996,48,29,5.0
SET OF 4 NAPKIN CHARMS STARS   ,269,596.36,51,39,5.2745098039215685
SET OF 4 PANTRY JELLY MOULDS,12672,16507.23,1073,431,11.809878844361602
SET OF 4 PISTACHIO LOVEBIRD COASTER,476,553.8,93,26,5.118279569892473
SET OF 4 POLKADOT COASTERS,174,312.53,77,25,2.25974025974026
SET OF 4 POLKADOT PLACEMATS ,174,824.91,78,20,2.230769230769231
SET OF 4 ROSE BOTANICAL CANDLES,897,1451.99,165,97,5.4363636363636365
SET OF 4 SANTA PLACE SETTINGS,1202,1531.95,108,79,11.12962962962963
SET OF 5 LUCKY CAT MAGNETS ,2635,5517.99,255,96,10.333333333333334
SET OF 5 MINI GROCERY MAGNETS,1672,3437.85,205,117,8.15609756097561
SET OF 5 PANCAKE DAY MAGNETS,2321,4771.76,223,121,10.408071748878923
SET OF 6 3D KIT CARDS FOR KIDS,1488,1368.75,223,115,6.672645739910314
SET OF 6 CAKE CHOPSTICKS,641,979.48,153,37,4.189542483660131
SET OF 6 EASTER RAINBOW CHICKS,12,15.0,1,1,12.0
SET OF 6 FUNKY BEAKERS,551,1843.6100000000001,162,26,3.4012345679012346
SET OF 6 GIRLS CELEBRATION CANDLES,593,750.2,126,57,4.7063492063492065
SET OF 6 HALLOWEEN GHOST T-LIGHTS,693,318.66999999999996,83,36,8.349397590361447
SET OF 6 HEART CHOPSTICKS,813,1142.15,152,62,5.348684210526316
SET OF 6 HERB TINS SKETCHBOOK,1169,4282.570000000001,295,170,3.9627118644067796
SET OF 6 ICE CREAM SKITTLES,16,47.2,3,3,5.333333333333333
SET OF 6 KASHMIR FOLKART BAUBLES,711,1121.9099999999999,83,62,8.566265060240964
SET OF 6 NATIVITY MAGNETS ,2570,5170.1,163,111,15.766871165644172
SET OF 6 RIBBONS COUNTRY STYLE,173,502.07000000000005,26,20,6.653846153846154
SET OF 6 RIBBONS PARTY,170,476.0,16,13,10.625
SET OF 6 RIBBONS PERFECTLY PRETTY  ,253,730.37,43,37,5.883720930232558
SET OF 6 RIBBONS VINTAGE CHRISTMAS,3265,10621.6,422,278,7.73696682464455
SET OF 6 SNACK LOAF BAKING CASES,4420,3631.0499999999997,354,214,12.485875706214689
SET OF 6 SOLDIER SKITTLES,2487,9921.29,443,250,5.6139954853273135
SET OF 6 SPICE TINS PANTRY DESIGN,5978,24483.66,834,393,7.167865707434053
SET OF 6 STRAWBERRY CHOPSTICKS,801,1054.44,144,46,5.5625
SET OF 6 T-LIGHTS CACTI ,881,2419.29,108,37,8.157407407407407
SET OF 6 T-LIGHTS EASTER CHICKS,345,1038.8700000000001,75,51,4.6
SET OF 6 T-LIGHTS SANTA,1254,3822.5000000000005,204,141,6.147058823529412
SET OF 6 T-LIGHTS SNOWMEN,952,3045.6800000000003,165,106,5.7696969696969695
SET OF 6 T-LIGHTS TOADSTOOLS,825,2428.1800000000003,195,74,4.230769230769231
SET OF 6 T-LIGHTS WEDDING CAKE ,260,677.0400000000001,38,28,6.842105263157895
SET OF 6 TEA TIME BAKING CASES,4981,5988.05,378,243,13.177248677248677
SET OF 6 VINTAGE NOTELETS KIT,563,560.11,42,22,13.404761904761905
SET OF 60 I LOVE LONDON CAKE CASES ,8332,4527.2,407,178,20.471744471744472
SET OF 60 PANTRY DESIGN CAKE CASES ,12063,6379.59,629,366,19.17806041335453
SET OF 60 VINTAGE LEAF CAKE CASES ,6151,3279.21,382,209,16.102094240837697
SET OF 72 GREEN PAPER DOILIES,42,60.9,18,15,2.3333333333333335
SET OF 72 PINK HEART PAPER DOILIES,4312,6672.7,510,209,8.454901960784314
SET OF 72 RETROSPOT PAPER  DOILIES,5812,8374.189999999999,453,244,12.830022075055188
SET OF 72 SKULL PAPER  DOILIES,884,1271.52,103,58,8.58252427184466
SET OF 9 BLACK SKULL BALLOONS,2830,2418.94,226,140,12.52212389380531
SET OF 9 HEART SHAPED BALLOONS,2766,3456.75,266,153,10.398496240601503
SET OF PICTURE FRAME  STICKERS,135,593.37,62,14,2.1774193548387095
SET OF SALT AND PEPPER TOADSTOOLS,2478,3029.1,199,117,12.452261306532664
SET OF SKULL WALL STICKERS,95,274.37,20,15,4.75
SET OF THREE VINTAGE GIFT WRAPS,1,1.95,1,0,1.0
SET/10 BLUE POLKADOT PARTY CANDLES,4015,4868.05,240,180,16.729166666666668
SET/10 IVORY POLKADOT PARTY CANDLES,1145,1383.34,154,66,7.435064935064935
SET/10 PINK POLKADOT PARTY CANDLES,5331,6496.04,344,214,15.497093023255815
SET/10 RED POLKADOT PARTY CANDLES,6634,8033.85,379,238,17.503957783641162
SET/12 FUNKY FELT FLOWER PEG IN BAG,224,419.01000000000005,48,22,4.666666666666667
SET/12 TAPER CANDLES,607,605.89,93,38,6.526881720430108
SET/2 RED RETROSPOT TEA TOWELS ,2603,8549.85,394,151,6.606598984771574
SET/20 FRUIT SALAD PAPER NAPKINS ,88,143.44,25,0,3.52
SET/20 RED RETROSPOT PAPER NAPKINS ,13210,11319.36,986,427,13.397565922920892
SET/20 STRAWBERRY PAPER NAPKINS ,2780,2540.39,313,148,8.881789137380192
SET/3 CHRISTMAS DECOUPAGE CANDLES,893,1006.27,69,26,12.942028985507246
SET/3 DECOUPAGE STACKING TINS,194,997.47,69,45,2.8115942028985508
SET/3 FLORAL GARDEN TOOLS IN BAG,3,23.85,2,1,1.5
SET/3 OCEAN SCENT CANDLE JEWEL BOX,401,1863.87,114,56,3.517543859649123
SET/3 POLKADOT STACKING TINS,78,389.55,29,22,2.689655172413793
SET/3 POT PLANT CANDLES,68,424.46000000000004,32,20,2.125
SET/3 RABBITS FLOWER SKIPPPING ROPE,127,113.41,26,21,4.884615384615385
SET/3 RED GINGHAM ROSE STORAGE BOX,3040,11928.45,477,186,6.373165618448637
SET/3 ROSE CANDLE IN JEWELLED BOX,402,1916.1399999999999,112,53,3.5892857142857144
SET/3 TALL GLASS CANDLE HOLDER PINK,4,89.22,3,1,1.3333333333333333
SET/3 VANILLA SCENTED CANDLE IN BOX,726,3186.5,162,83,4.481481481481482
SET/4 2 TONE EGG SHAPE MIXING BOWLS,1,9.95,1,0,1.0
SET/4 BADGES BALLOON GIRL,448,561.84,89,35,5.033707865168539
SET/4 BADGES BEETLES,269,353.19,73,26,3.684931506849315
SET/4 BADGES CUTE CREATURES,261,340.22,54,24,4.833333333333333
SET/4 BADGES DOGS,348,457.51,89,34,3.9101123595505616
SET/4 BIRD MIRROR MAGNETS ,485,188.86999999999998,51,40,9.509803921568627
SET/4 BLUE FLOWER CANDLES IN BOWL,137,229.46999999999997,35,28,3.914285714285714
SET/4 BUTTERFLY MIRROR MAGNETS,79,39.199999999999996,13,11,6.076923076923077
SET/4 COLOURFUL MIXING BOWLS,71,671.93,43,27,1.6511627906976745
SET/4 DAISY MIRROR MAGNETS,495,193.03,44,35,11.25
SET/4 GARDEN ROSE DINNER CANDLE,7,11.549999999999999,3,3,2.3333333333333335
SET/4 MODERN VINTAGE COTTON NAPKINS,77,86.75,23,20,3.347826086956522
SET/4 RED MINI ROSE CANDLE IN BOWL,746,1145.73,191,26,3.905759162303665
SET/4 SKULL BADGES,914,1080.0,165,58,5.539393939393939
SET/4 SPRING FLOWER DECORATION,1148,1389.08,128,64,8.96875
SET/4 WHITE RETRO STORAGE CUBES ,415,16363.300000000001,155,79,2.6774193548387095
SET/5 RED RETROSPOT LID GLASS BOWLS,6084,17655.8,879,356,6.921501706484642
SET/5 RED SPOTTY LID GLASS BOWLS,288,734.4,1,1,288.0
SET/6 BEAD COASTERS GAUZE BAG GOLD,582,309.29999999999995,27,12,21.555555555555557
SET/6 BLACK BIRD T-LIGHT CANDLES,215,316.75,39,13,5.512820512820513
SET/6 COLLAGE PAPER CUPS,2610,773.14,181,90,14.41988950276243
SET/6 COLLAGE PAPER PLATES,2421,1278.23,217,98,11.15668202764977
SET/6 EAU DE NIL BIRD T-LIGHTS,335,608.53,72,26,4.652777777777778
SET/6 FROG PRINCE T-LIGHT CANDLES,479,795.02,86,40,5.569767441860465
SET/6 FRUIT SALAD  PAPER PLATES,1259,581.09,105,63,11.99047619047619
SET/6 FRUIT SALAD PAPER CUPS,1678,428.28000000000003,103,67,16.29126213592233
SET/6 GREEN SPRING PAPER CUPS,233,48.99,25,23,9.32
SET/6 IVORY BIRD T-LIGHT CANDLES,1,2.1,1,1,1.0
SET/6 PINK  BUTTERFLY T-LIGHTS,2098,4012.05,186,87,11.279569892473118
SET/6 PINK BIRD T-LIGHT CANDLES,451,796.99,100,30,4.51
SET/6 POSIES PAPER CUPS,141,74.57000000000001,16,10,8.8125
SET/6 POSIES PAPER PLATES,125,118.72999999999999,14,9,8.928571428571429
SET/6 PURPLE BUTTERFLY T-LIGHTS,890,2149.4,196,51,4.540816326530612
SET/6 RED SPOTTY PAPER CUPS,7137,4861.900000000001,428,167,16.675233644859812
SET/6 RED SPOTTY PAPER PLATES,8758,6933.259999999999,527,179,16.618595825426944
SET/6 TURQUOISE BUTTERFLY T-LIGHTS,1293,2590.42,165,78,7.836363636363636
SET/9 CHRISTMAS T-LIGHTS SCENTED ,25,31.25,7,7,3.5714285714285716
SET3 BOOK BOX GREEN GINGHAM FLOWER ,1208,5167.88,262,117,4.6106870229007635
SEWING BOX RETROSPOT DESIGN ,211,2132.44,86,71,2.453488372093023
SEWING SUSAN 21 NEEDLE SET,918,880.4699999999999,172,50,5.337209302325581
SHELF WITH 4 HOOKS HOME SWEET HOME,461,2409.34,107,76,4.308411214953271
SHOE SHINE BOX ,57,633.0699999999999,44,20,1.2954545454545454
"SILICON CUBE 25W, BLUE",11,4.62,2,2,5.5
SILICON STAR BULB  BLUE,18,7.56,8,8,2.25
SILK PURSE BABUSHKA BLUE,195,661.11,58,41,3.3620689655172415
SILK PURSE BABUSHKA PINK,492,1587.3000000000002,143,65,3.4405594405594404
SILK PURSE BABUSHKA RED,223,779.1500000000001,51,35,4.372549019607843
SILVER  CANDLEPOT JARDIN ,24,90.0,7,6,3.4285714285714284
SILVER 2 STRAND NECKLACE-LEAF CHARM,2,15.0,2,2,1.0
SILVER AND BLACK ORBIT NECKLACE,2,13.350000000000001,2,1,1.0
SILVER APERITIF GLASS,276,128.4,8,7,34.5
SILVER BELLS TABLE DECORATION,2169,2743.13,257,180,8.439688715953308
SILVER BLACK ORBIT BRACELET,13,68.73,11,3,1.1818181818181819
SILVER BLACK ORBIT DROP EARRINGS,12,50.400000000000006,9,3,1.3333333333333333
SILVER BOOK MARK WITH BEADS,161,182.25,34,1,4.735294117647059
SILVER BRACELET W PASTEL FLOWER,33,252.18,19,7,1.736842105263158
SILVER CHRISTMAS TREE BAUBLE STAND ,34,577.35,23,14,1.4782608695652173
SILVER DIAMANTE PEN IN GIFT BOX,175,558.83,66,16,2.6515151515151514
SILVER DISCO HANDBAG,129,272.99,35,24,3.6857142857142855
SILVER DROP EARRINGS WITH FLOWER,18,67.36,14,3,1.2857142857142858
SILVER FABRIC MIRROR,458,219.35000000000002,46,29,9.956521739130435
SILVER FISHING GNOME ,52,419.52000000000004,27,13,1.9259259259259258
SILVER FLOWR PINK SHELL NECKLACE,53,342.76000000000005,4,2,13.25
SILVER GLASS T-LIGHT SET,201,525.75,17,13,11.823529411764707
SILVER GLITTER FLOWER VOTIVE HOLDER,1421,441.07,57,40,24.92982456140351
SILVER HANGING T-LIGHT HOLDER,4801,7642.44,290,165,16.555172413793102
SILVER HEARTS TABLE DECORATION,1288,1086.6499999999999,157,128,8.203821656050955
SILVER HOOP EARRINGS WITH FLOWER,28,168.0,18,7,1.5555555555555556
SILVER JEWELLED MIRROR TRINKET TRAY,95,695.23,45,21,2.111111111111111
SILVER LARIAT 40CM,26,163.82,10,7,2.6
SILVER LARIAT BLACK STONE EARRINGS,16,67.87,10,6,1.6
SILVER LATTICE VANILLA CANDLE POT,17,63.75,7,7,2.4285714285714284
SILVER LOOKING MIRROR,5,24.75,2,2,2.5
SILVER M.O.P ORBIT BRACELET,38,197.09,27,8,1.4074074074074074
SILVER M.O.P ORBIT DROP EARRINGS,46,193.33,37,8,1.2432432432432432
SILVER M.O.P. ORBIT NECKLACE,11,54.800000000000004,6,3,1.8333333333333333
SILVER MINI TAPE MEASURE ,158,271.21999999999997,26,0,6.076923076923077
SILVER MUG BONE CHINA TREE OF LIFE,1174,1428.57,111,85,10.576576576576576
SILVER OVAL SHAPE TRINKET BOX,25,221.79999999999998,17,7,1.4705882352941178
SILVER PHOTO FRAME,136,409.83,37,19,3.675675675675676
SILVER PLATE CANDLE BOWL SMALL,348,1101.2800000000002,57,36,6.105263157894737
SILVER RECORD COVER FRAME,365,1649.6399999999999,41,13,8.902439024390244
SILVER ROCCOCO CHANDELIER,14,504.32,9,6,1.5555555555555556
SILVER ROCOCO CANDLE STICK,146,340.7,14,11,10.428571428571429
SILVER STANDING GNOME   ,44,217.35999999999999,22,13,2.0
SILVER STARS TABLE DECORATION,2037,1744.61,213,175,9.56338028169014
SILVER T-LIGHT SETTING,143,924.29,28,6,5.107142857142857
SILVER TEDDY BEAR,64,244.72,27,14,2.3703703703703702
SILVER VANILLA  FLOWER CANDLE POT,95,369.87,26,22,3.6538461538461537
SILVER/AMETHYST DROP EARRINGS LEAF,20,58.43,19,4,1.0526315789473684
SILVER/BLACK ORBIT NECKLACE,3,29.849999999999998,2,2,1.5
SILVER/BLACK PENDANT ORBIT NECKLACE,3,24.96,3,0,1.0
SILVER/CRYSTAL DROP EARRINGS W LEAF,16,46.76,10,1,1.6
SILVER/M.O.P PENDANT ORBIT NECKLACE,17,105.71000000000001,7,4,2.4285714285714284
SILVER/MOP ORBIT NECKLACE,16,162.79,15,5,1.0666666666666667
SILVER/NAT SHELL NECKLACE W PENDANT,5,28.76,5,3,1.0
SILVER/NATURAL SHELL NECKLACE,8,68.0,4,2,2.0
SINGLE ANTIQUE ROSE HOOK IVORY,1870,2755.1,261,170,7.164750957854406
SINGLE HEART ZINC T-LIGHT HOLDER,6266,6831.75,507,234,12.35897435897436
SINGLE WIRE HOOK IVORY HEART,884,1238.76,82,60,10.78048780487805
SINGLE WIRE HOOK PINK HEART,415,530.15,27,20,15.37037037037037
SIX DRAWER OFFICE TIDY,66,626.74,27,26,2.4444444444444446
SKETCHBOOK MAGNETIC SHOPPING LIST,1456,2274.0,246,113,5.91869918699187
SKULL AND CROSSBONES  GARLAND ,1068,1686.4999999999998,132,74,8.090909090909092
SKULL DESIGN TV DINNER TRAY,316,1605.67,138,49,2.289855072463768
SKULL LUNCH BOX WITH CUTLERY ,2138,5568.07,412,167,5.189320388349515
SKULL SHOULDER BAG,2421,4480.28,411,85,5.890510948905109
SKULLS  DESIGN  COTTON TOTE BAG,252,590.67,79,33,3.189873417721519
SKULLS  STICKERS,1140,1028.58,138,67,8.26086956521739
SKULLS  WATER TRANSFER TATTOOS ,1975,1690.23,174,80,11.350574712643677
SKULLS AND CROSSBONES WRAP,5800,2356.0,165,102,35.15151515151515
SKULLS DESIGN FLANNEL,287,313.01,103,14,2.7864077669902914
SKULLS GREETING CARD,1915,788.97,115,74,16.652173913043477
SKULLS PARTY BAG + STICKER SET,1033,1679.6499999999999,148,92,6.97972972972973
SKULLS SQUARE TISSUE BOX,757,356.46000000000004,59,34,12.830508474576272
SKULLS STORAGE BOX LARGE,87,320.49,30,12,2.9
SKULLS STORAGE BOX SMALL,96,256.44,41,21,2.341463414634146
SKULLS TAPE,706,252.47000000000003,70,35,10.085714285714285
SKULLS WRITING SET ,864,1484.1299999999999,252,99,3.4285714285714284
SLATE TILE NATURAL HANGING,1510,2291.4399999999996,162,111,9.320987654320987
SLEEPING CAT ERASERS,4994,1048.56,290,109,17.220689655172414
SMALL APOTHECARY MEASURING JAR ,81,629.0500000000001,28,26,2.892857142857143
SMALL BLUE PROVENCAL CERAMIC BALL,62,103.93999999999998,9,8,6.888888888888889
SMALL BONNE JAM JAR  T-LIGHT HOLDER,422,808.16,22,19,19.181818181818183
SMALL CAMPHOR WOOD FIELD  MUSHROOM,121,215.67999999999998,41,18,2.951219512195122
SMALL CERAMIC TOP STORAGE JAR ,5847,4476.009999999999,231,129,25.31168831168831
SMALL CHINESE STYLE SCISSOR,13328,4335.76,54,34,246.8148148148148
SMALL CHOCOLATES PINK BOWL,1860,957.3,246,84,7.560975609756097
SMALL CHUNKY GLASS ROMAN  BOWL,160,217.68,15,9,10.666666666666666
SMALL DECO JEWELLERY STAND,243,2005.81,79,63,3.0759493670886076
SMALL DOLLY MIX DESIGN ORANGE BOWL,5085,2588.0899999999997,527,189,9.648956356736242
SMALL FOLDING SCISSOR(POINTED EDGE),2892,360.71,70,54,41.31428571428572
SMALL FOLKART STAR CHRISTMAS DEC,1293,359.6,54,30,23.944444444444443
SMALL GLASS HEART TRINKET POT,4252,9811.58,541,215,7.859519408502773
SMALL GLASS SUNDAE DISH CLEAR,739,984.4699999999999,63,40,11.73015873015873
SMALL HAMMERED SILVER CANDLEPOT ,373,1143.3100000000002,50,40,7.46
SMALL HANGING GLASS+ZINC LANTERN,43,62.349999999999994,8,8,5.375
SMALL HANGING IVORY/RED WOOD BIRD,2667,1305.25,261,101,10.218390804597702
SMALL HEART FLOWERS HOOK ,1786,1561.6999999999998,172,69,10.383720930232558
SMALL HEART MEASURING SPOONS,2853,2759.2599999999998,472,146,6.044491525423729
SMALL IVORY HEART WALL ORGANISER,1034,5219.1,152,115,6.802631578947368
SMALL JEWELLERY STAND,16,132.0,6,6,2.6666666666666665
SMALL KITCHEN FLOWER POTS PLAQUE,50,331.5,37,11,1.3513513513513513
SMALL LICORICE DES PINK BOWL,575,437.2,85,33,6.764705882352941
SMALL MARSHMALLOWS PINK BOWL,3764,1991.36,447,166,8.420581655480984
SMALL MEDINA STAMPED METAL BOWL ,783,622.3,47,27,16.659574468085108
SMALL PARISIENNE HEART PHOTO FRAME ,941,2244.2200000000003,142,105,6.626760563380282
SMALL PARLOUR FRAME,42,106.98000000000002,2,2,21.0
SMALL PARLOUR PICTURE FRAME,165,462.45,33,30,5.0
SMALL PINK GLASS SUNDAE DISH,945,478.72,40,26,23.625
SMALL PINK MAGIC CHRISTMAS TREE,645,282.38,40,30,16.125
SMALL POLKADOT CHOCOLATE GIFT BAG ,943,819.64,52,32,18.134615384615383
SMALL POP BOX FUNKY MONKEY,258,353.98,87,20,2.9655172413793105
"SMALL POP BOX,FUNKY MONKEY",152,216.47,34,8,4.470588235294118
SMALL POPCORN HOLDER,20160,17055.149999999998,589,228,34.227504244482176
SMALL PURPLE BABUSHKA NOTEBOOK ,1690,1190.51,251,110,6.733067729083666
SMALL RED BABUSHKA NOTEBOOK ,1953,1352.1699999999998,266,120,7.342105263157895
SMALL RED RETROSPOT MUG IN BOX ,949,2358.15,116,62,8.181034482758621
SMALL RED RETROSPOT WINDMILL,3075,3766.93,226,122,13.606194690265486
SMALL REGAL  SILVER CANDLEPOT ,307,840.33,24,18,12.791666666666666
SMALL ROUND CUT GLASS CANDLESTICK,163,770.2900000000001,33,14,4.9393939393939394
SMALL SILVER FLOWER CANDLE POT,290,875.3800000000001,41,35,7.073170731707317
SMALL SILVER TRELLIS CANDLEPOT,230,690.1000000000001,33,27,6.96969696969697
SMALL SINGLE FLAME CANDLE HOLDER,33,11.549999999999999,6,5,5.5
SMALL SKULL WINDMILL,485,645.61,54,31,8.981481481481481
SMALL SQUARE CUT GLASS CANDLESTICK,187,1106.54,51,17,3.6666666666666665
SMALL STRIPES CHOCOLATE GIFT BAG ,867,594.51,28,25,30.964285714285715
SMALL TAHITI BEACH BAG,4,18.6,1,0,4.0
SMALL TALL CAMPHOR WOOD TOADSTOOL,142,217.89,34,21,4.176470588235294
SMALL WHITE HEART OF WICKER,4737,8473.269999999999,629,378,7.531001589825119
SMALL WHITE RETROSPOT MUG IN BOX ,730,1388.05,86,64,8.488372093023257
SMALL WHITE/PINK ROSE ART FLOWER,113,127.57000000000001,9,9,12.555555555555555
SMALL YELLOW BABUSHKA NOTEBOOK ,1011,758.98,217,98,4.658986175115207
SMALL ZINC HEART WALL ORGANISER,1541,5416.18,45,31,34.24444444444445
SMALL ZINC/GLASS CANDLEHOLDER,53,78.92999999999999,8,6,6.625
SMALLFOLKART BAUBLE CHRISTMAS DEC,688,361.81,41,7,16.78048780487805
SMOKEY GREY COLOUR D.O.F. GLASS,591,207.39,26,23,22.73076923076923
SMOKEY GREY COLOUR GLASS,240,85.91999999999999,15,10,16.0
SNACK TRAY HAPPY FOREST  ,117,236.87,25,20,4.68
SNACK TRAY I LOVE LONDON,171,362.65,35,22,4.885714285714286
SNACK TRAY PAISLEY PARK,179,367.34999999999997,32,22,5.59375
SNACK TRAY RED GINGHAM,60,125.72,14,11,4.285714285714286
SNACK TRAY RED VINTAGE DOILY,198,400.03999999999996,37,28,5.351351351351352
SNOWFLAKE PORTABLE TABLE LIGHT ,531,1563.5500000000002,127,66,4.181102362204724
SNOWSTORM PHOTO FRAME FRIDGE MAGNET,591,500.90999999999997,57,40,10.368421052631579
SOAP DISH BROCANTE,721,2076.63,110,77,6.554545454545455
SOFT PINK ROSE TOWEL ,273,952.83,124,10,2.2016129032258065
SOLDIERS EGG CUP ,9137,10938.31,418,197,21.858851674641148
SOMBRERO ,4415,5716.85,61,39,72.37704918032787
SPACE BOY CHILDRENS CUP,131,145.76,6,5,21.833333333333332
SPACE CADET BLACK,53,65.49,19,9,2.789473684210526
SPACE CADET RED,141,172.2,33,19,4.2727272727272725
SPACE CADET WHITE,98,119.03,30,13,3.2666666666666666
SPACE FROG,174,233.52,56,14,3.107142857142857
SPACE OWL,258,319.5,68,20,3.7941176470588234
SPACEBOY BEAKER,2632,3117.34,184,106,14.304347826086957
SPACEBOY BIRTHDAY CARD,8185,3397.65,527,234,15.531309297912713
SPACEBOY CHILDRENS BOWL,2437,2899.1000000000004,214,125,11.38785046728972
SPACEBOY CHILDRENS CUP,2051,2558.82,216,112,9.49537037037037
SPACEBOY CHILDRENS EGG CUP,1204,1624.63,186,110,6.473118279569892
SPACEBOY GIFT WRAP,6552,2683.84,208,148,31.5
SPACEBOY LUNCH BOX ,14260,25740.469999999998,900,322,15.844444444444445
SPACEBOY MINI BACKPACK,1109,4726.59,233,157,4.759656652360515
SPACEBOY MINI RUCKSACK,13,53.95,4,4,3.25
SPACEBOY ROCKET LOLLY MAKERS,667,1485.43,113,70,5.902654867256637
SPACEBOY TV DINNER TRAY,303,1636.27,132,70,2.2954545454545454
SPACEBOY WALL ART,306,885.9000000000001,13,12,23.53846153846154
SPOTS ON RED BOOKCOVER TAPE,16,6.72,5,5,3.2
SPOTTED WHITE NATURAL SEED NECKLACE,72,72.0,7,7,10.285714285714286
SPOTTY BUNTING,8327,42548.130000000005,1140,571,7.304385964912281
SPOTTY PINK DUCK DOORSTOP,289,1295.21,117,50,2.47008547008547
SPRIG LAVENDER ARTIFICIAL FLOWER,224,160.48,10,9,22.4
SQUARE CHERRY BLOSSOM CABINET,129,719.5500000000001,19,16,6.7894736842105265
SQUARE FLOOR CUSHION VINTAGE RED,73,687.95,42,13,1.7380952380952381
SQUARE METAL CANDLEHOLDER BASE,52,36.519999999999996,8,5,6.5
SQUARE MINI PORTRAIT FRAME,278,558.12,52,38,5.346153846153846
SQUARECUSHION COVER PINK UNION FLAG,72,506.34000000000003,32,23,2.25
SQUARECUSHION COVER PINK UNION JACK,173,581.23,42,27,4.119047619047619
ST GEORGE SET OF 10 PARTY LIGHTS,2,5.9,2,2,1.0
ST TROPEZ NECKLACE,45,224.12,35,6,1.2857142857142858
STANDING FAIRY POLE SUPPORT ,348,280.2,22,17,15.818181818181818
STAR  T-LIGHT HOLDER ,159,271.68,29,15,5.482758620689655
STAR DECORATION PAINTED ZINC ,4683,1234.67,180,94,26.016666666666666
STAR DECORATION RUSTIC,2454,1134.45,142,67,17.281690140845072
STAR PORTABLE TABLE LIGHT ,300,890.6,49,28,6.122448979591836
STAR T-LIGHT HOLDER WILLIE WINKIE,1183,2009.9499999999998,119,85,9.941176470588236
STAR WOODEN CHRISTMAS DECORATION,2689,2427.25,221,127,12.167420814479637
STAR WREATH DECORATION WITH BELL,1683,2139.67,152,95,11.072368421052632
STARFISH SOAP DISH,74,189.75,25,11,2.96
STARS GIFT TAPE ,1653,725.4200000000001,133,82,12.428571428571429
STEEL SWEETHEART ROUND TABLE CREAM,41,699.63,24,14,1.7083333333333333
STOOL HOME SWEET HOME ,238,2873.08,114,87,2.087719298245614
STOP FOR TEA WALL ART,518,2572.7,41,40,12.634146341463415
STORAGE TIN HOME SWEET HOME,275,621.44,56,35,4.910714285714286
STORAGE TIN VINTAGE DOILEY ,7,23.13,2,1,3.5
STORAGE TIN VINTAGE DOILY ,1288,3751.02,190,124,6.778947368421052
STORAGE TIN VINTAGE LEAF,775,2010.13,104,88,7.451923076923077
STRAWBERRIES  DESIGN FLANNEL ,358,373.34,105,27,3.4095238095238094
STRAWBERRY   PICNIC BAG,1708,4901.8,251,146,6.804780876494024
STRAWBERRY BATH SPONGE ,1235,1749.18,228,82,5.416666666666667
STRAWBERRY CERAMIC TRINKET BOX,10483,14130.08,706,296,14.84844192634561
STRAWBERRY CERAMIC TRINKET POT,1371,2133.7200000000003,125,57,10.968
STRAWBERRY CHARLOTTE BAG,9798,12552.4,722,230,13.570637119113574
STRAWBERRY DREAM CHILDS UMBRELLA,81,273.81,35,30,2.3142857142857145
STRAWBERRY FAIRY CAKE TEAPOT,798,4147.7300000000005,200,86,3.99
STRAWBERRY HONEYCOMB  GARLAND ,1290,1610.9199999999998,109,55,11.8348623853211
STRAWBERRY LUNCH BOX WITH CUTLERY,3938,9748.13,573,233,6.872600349040139
STRAWBERRY RAFFIA FOOD COVER,641,2228.09,163,77,3.932515337423313
STRAWBERRY SHOPPER BAG,2857,3564.48,412,150,6.934466019417476
STRAWBRY SCENTED VOTIVE CANDLE,1101,267.45,24,17,45.875
"STRING OF 8 BUTTERFLIES,PINK",25,41.24999999999999,6,6,4.166666666666667
STRING OF STARS CARD HOLDER,78,250.22000000000003,15,11,5.2
STRIPES DESIGN MONKEY DOLL,39,118.72999999999999,22,10,1.7727272727272727
STRIPES DESIGN TEDDY,57,145.35,30,21,1.9
STRIPEY CHOCOLATE NESTING BOXES,358,1070.26,110,33,3.2545454545454544
STRIPY DESIGN SHOWER CAP,197,70.57,15,13,13.133333333333333
SUKI  SHOULDER BAG,3393,6298.61,530,121,6.40188679245283
SUMMER BUTTERFLIES BAG CHARM,54,134.53,31,0,1.7419354838709677
SUMMER DAISIES BAG CHARM,167,417.96,88,11,1.8977272727272727
SUMMER FUN DESIGN SHOWER CAP,325,116.32999999999998,18,16,18.055555555555557
SUNFLOWER DECORATIVE PARASOL,125,895.46,42,13,2.9761904761904763
SUNJAR LED NIGHT NIGHT LIGHT,3,48.39,2,0,1.5
SUNSET CHECK HAMMOCK,192,1657.42,62,33,3.096774193548387
SUNSET COLOUR CHUNKY KNITTED THROW,60,720.93,39,12,1.5384615384615385
SWALLOW SQUARE TISSUE BOX,1610,739.57,145,103,11.10344827586207
SWALLOW WOODEN CHRISTMAS DECORATION,1539,1415.31,173,102,8.895953757225433
SWALLOWS GREETING CARD,5551,2247.97,274,179,20.259124087591243
SWEET HEART CAKE CARRIER,80,795.5799999999999,44,41,1.8181818181818181
SWEET PUDDING STICKER SHEET,98,95.52999999999999,36,13,2.7222222222222223
SWEETHEART 3 TIER CAKE STAND ,284,3371.58,158,99,1.7974683544303798
SWEETHEART BIRD HOUSE,857,3082.71,94,75,9.117021276595745
SWEETHEART CAKESTAND 3 TIER,959,9697.25,377,252,2.543766578249337
SWEETHEART CARRY-ALL BASKET,6,76.44,6,3,1.0
SWEETHEART CERAMIC TRINKET BOX,6063,7628.530000000001,509,215,11.911591355599214
SWEETHEART CREAM STEEL TABLE RECT,27,618.66,21,16,1.2857142857142858
SWEETHEART RECIPE BOOK STAND,1212,8578.0,368,170,3.2934782608695654
SWEETHEART WALL TIDY ,108,1007.0799999999999,43,41,2.511627906976744
SWEETHEART WIRE FRUIT BOWL,208,1631.58,89,70,2.337078651685393
SWEETHEART WIRE MAGAZINE RACK,326,2784.9,182,114,1.7912087912087913
SWEETHEART WIRE WALL TIDY,229,2315.33,109,80,2.1009174311926606
SWEETIES  STICKERS,301,277.24,50,26,6.02
SWIRLY CIRCULAR RUBBERS IN BAG,472,178.97,59,29,8.0
SWISS CHALET TREE DECORATION ,1385,598.8199999999999,119,64,11.638655462184873
SWISS ROLL TOWEL PINK  SPOTS,706,1913.6899999999998,39,21,18.102564102564102
"SWISS ROLL TOWEL, CHOCOLATE  SPOTS",901,1652.27,94,46,9.585106382978724
"SWISS ROLL TOWEL, PINK  SPOTS",653,971.44,43,18,15.186046511627907
T-LIGHT GLASS FLUTED ANTIQUE,8027,9963.880000000001,345,184,23.266666666666666
T-LIGHT HOLDER HANGING LACE,840,832.51,82,63,10.24390243902439
T-LIGHT HOLDER HANGING LOVE BIRD,548,2055.27,101,83,5.425742574257426
T-LIGHT HOLDER SILVER HEART HANDLE,199,399.71,28,22,7.107142857142857
T-LIGHT HOLDER SILVER PETIT FOUR ,185,233.67000000000002,16,14,11.5625
T-LIGHT HOLDER SILVER SAUCER,44,42.919999999999995,8,4,5.5
T-LIGHT HOLDER SWEETHEART HANGING,860,1688.22,138,101,6.231884057971015
T-LIGHT HOLDER WHITE LACE,588,512.93,68,17,8.647058823529411
TABLE LAMP WHITE SHADE WOOD BASE,78,434.12,20,9,3.9
TABLECLOTH RED APPLES DESIGN ,305,3027.3799999999997,122,82,2.5
TALL ROCOCO CANDLE HOLDER,93,770.59,20,16,4.65
TEA BAG PLATE RED RETROSPOT,4086,3584.99,358,144,11.41340782122905
TEA COSY BLUE STRIPE,250,877.38,105,27,2.380952380952381
TEA COSY RED  STRIPE,370,1093.6,121,48,3.0578512396694215
TEA FOR ONE POLKADOT,424,2125.18,168,69,2.5238095238095237
TEA PARTY  WRAPPING PAPER ,2250,929.0,75,62,30.0
TEA PARTY BIRTHDAY CARD,4392,1883.79,362,180,12.132596685082873
TEA TIME BREAKFAST BASKET,1,2.1,1,1,1.0
TEA TIME DES TEA COSY,390,1121.82,110,55,3.5454545454545454
TEA TIME KITCHEN APRON,609,3456.15,133,81,4.578947368421052
TEA TIME OVEN GLOVE,2183,2931.3,315,152,6.93015873015873
TEA TIME PARTY BUNTING,2581,12941.27,467,192,5.52676659528908
TEA TIME TABLE CLOTH,187,1769.25,33,23,5.666666666666667
TEA TIME TEA SET IN GIFT BOX,133,906.83,49,28,2.7142857142857144
TEA TIME TEA TOWELS ,2600,6045.0,2,1,1300.0
TEA TIME TEAPOT IN GIFT BOX,380,2360.68,113,53,3.3628318584070795
TEAL/FUSCHIA COL BEAD NECKLACE,19,94.43,13,3,1.4615384615384615
TEATIME FUNKY FLOWER BACKPACK FOR 2,66,732.2299999999999,53,3,1.2452830188679245
TEATIME GEL PENS ASST,504,82.08,5,5,100.8
TEATIME PEN CASE & PENS,68,57.8,14,13,4.857142857142857
TEATIME PUSH DOWN RUBBER,479,115.3,13,5,36.84615384615385
TEATIME ROUND PENCIL SHARPENER ,1461,205.42,67,41,21.80597014925373
THE KING GIFT BAG,20,13.0,8,5,2.5
THE KING GIFT BAG 25x24x12cm,28,11.76,8,6,3.5
THREE CANVAS LUGGAGE TAGS,150,243.49,48,9,3.125
THREE MINI HANGING FRAMES,147,630.75,50,39,2.94
TIGRIS EYE CHUNKY CHARM BRACELET,23,210.04,20,2,1.15
TINY CRYSTAL BRACELET BLUE,5,12.52,5,0,1.0
TINY CRYSTAL BRACELET GREEN,10,25.279999999999998,5,1,2.0
TINY CRYSTAL BRACELET RED,1,2.48,1,0,1.0
TOADSTOOL BEDSIDE LIGHT ,251,2225.45,105,82,2.3904761904761904
TOADSTOOL MONEY BOX,817,2549.11,184,109,4.440217391304348
TOAST ITS - BEST MUM,801,1010.21,95,55,8.43157894736842
TOAST ITS - DINOSAUR,19,23.75,10,9,1.9
TOAST ITS - FAIRY FLOWER,643,704.55,151,37,4.258278145695364
TOAST ITS - HAPPY BIRTHDAY,412,494.54,108,54,3.814814814814815
TOAST ITS - I LOVE YOU ,794,998.83,120,95,6.616666666666666
TOILET METAL SIGN,3883,2155.8900000000003,405,172,9.587654320987655
TOILET SIGN OCCUPIED OR VACANT,3777,3718.0899999999997,433,140,8.722863741339491
TOMATO CHARLIE+LOLA COASTER SET,512,905.55,88,45,5.818181818181818
TOOL BOX SOFT TOY ,180,1782.54,105,63,1.7142857142857142
TOOTHPASTE TUBE PEN,1274,776.75,205,53,6.214634146341464
TOP SECRET PEN SET,46,57.5,10,8,4.6
TOTE BAG I LOVE LONDON,1296,2650.08,136,71,9.529411764705882
TOXIC AREA  DOOR HANGER ,1465,794.15,162,98,9.04320987654321
TOY TIDY DOLLY GIRL DESIGN,713,1472.85,162,62,4.401234567901234
TOY TIDY PINK POLKADOT,3441,7437.9400000000005,469,133,7.336886993603412
TOY TIDY SPACEBOY  ,1316,2823.86,285,114,4.617543859649123
TOYBOX  WRAP ,726,288.92,23,22,31.565217391304348
TRADITIONAL CHRISTMAS RIBBONS,3249,4660.2,359,204,9.050139275766016
TRADITIONAL KNITTING NANCY,6150,10056.949999999999,609,366,10.098522167487685
TRADITIONAL MODELLING CLAY,8168,9602.32,389,229,20.997429305912597
TRADITIONAL NAUGHTS & CROSSES,2859,6436.61,257,195,11.124513618677042
TRADITIONAL PICK UP STICKS GAME ,2782,4944.37,276,203,10.079710144927537
TRADITIONAL WOODEN CATCH CUP GAME ,3196,4322.16,412,235,7.757281553398058
TRADITIONAL WOODEN SKIPPING ROPE,8145,10526.0,425,264,19.16470588235294
TRADTIONAL ALPHABET STAMP SET,961,4752.31,192,152,5.005208333333333
TRANQUILITY MASALA INCENSE,200,42.0,7,7,28.571428571428573
TRANSPARENT ACRYLIC TAPE DISPENSER,40,42.58,17,7,2.3529411764705883
TRAVEL CARD WALLET FLOWER MEADOW,1764,765.27,173,88,10.196531791907514
TRAVEL CARD WALLET I LOVE LONDON,4783,2147.55,241,105,19.846473029045644
TRAVEL CARD WALLET KEEP CALM,12490,5314.9,534,217,23.38951310861423
TRAVEL CARD WALLET PANTRY,2011,906.9399999999999,221,73,9.099547511312217
TRAVEL CARD WALLET RETRO PETALS,1545,674.53,105,61,14.714285714285714
TRAVEL CARD WALLET RETROSPOT,2197,958.2,218,89,10.077981651376147
TRAVEL CARD WALLET SKULLS,2145,925.29,192,85,11.171875
TRAVEL CARD WALLET SUKI,2389,1062.0,266,90,8.981203007518797
TRAVEL CARD WALLET TRANSPORT,3171,1369.12,278,125,11.406474820143885
TRAVEL CARD WALLET UNION JACK,2595,1115.93,222,101,11.68918918918919
TRAVEL CARD WALLET VINTAGE LEAF,1415,605.78,117,65,12.094017094017094
TRAVEL CARD WALLET VINTAGE ROSE ,542,226.2,53,38,10.226415094339623
TRAVEL CARD WALLET VINTAGE TICKET,4813,2099.97,408,155,11.79656862745098
TRAVEL SEWING KIT,5096,8620.32,467,263,10.91220556745182
"TRAY, BREAKFAST IN BED",275,3491.8599999999997,80,50,3.4375
TREASURE AHOY WALL ART,270,833.46,16,15,16.875
TREASURE ISLAND BOOK BOX,2535,5528.04,267,174,9.49438202247191
TREASURE TIN BUFFALO BILL ,1476,3037.11,214,132,6.897196261682243
TREASURE TIN GYMKHANA DESIGN,2184,4709.07,363,183,6.016528925619835
TREE T-LIGHT HOLDER WILLIE WINKIE,364,562.2199999999999,44,34,8.272727272727273
TRIANGULAR POUFFE VINTAGE ,64,1176.6000000000001,33,14,1.9393939393939394
TRIPLE HOOK ANTIQUE IVORY ROSE,801,2655.13,227,151,3.5286343612334803
TRIPLE PHOTO FRAME CORNICE ,774,7173.549999999999,218,152,3.55045871559633
TRIPLE WIRE HOOK IVORY HEART,182,766.1,52,29,3.5
TRIPLE WIRE HOOK PINK HEART,79,272.91,25,18,3.16
TROPICAL  HONEYCOMB PAPER GARLAND ,1240,2987.82,101,44,12.277227722772277
TROPICAL HOLIDAY PURSE ,32,81.66,18,3,1.7777777777777777
TROPICAL LUGGAGE TAG,73,105.91,33,20,2.212121212121212
TROPICAL PASSPORT COVER ,262,439.65,99,16,2.6464646464646466
TUB 24 PINK FLOWER PEGS,164,271.03999999999996,58,36,2.8275862068965516
TUMBLER BAROQUE,531,268.53,40,22,13.275
TUMBLER NEW ENGLAND,1267,553.53,53,35,23.90566037735849
"TUMBLER, BAROQUE",56,84.03999999999999,7,5,8.0
"TUMBLER, NEW ENGLAND",142,182.29999999999998,14,11,10.142857142857142
TURQ ICE CREAM BUM BAG ,19,63.209999999999994,8,2,2.375
TURQ PENDANT TRIPLE SHELL NECKLACE,10,52.31,8,2,1.25
TURQ STONE/CRYSTAL EARRINGS,39,113.97,31,3,1.2580645161290323
TURQ+RED BOUDICCA LARGE BRACELET,54,377.04,26,14,2.076923076923077
TURQUOISE BERTIE GLASS BEAD CHARM,77,69.85,7,2,11.0
TURQUOISE CHRISTMAS TREE ,5,6.25,4,4,1.25
TURQUOISE CRYSTAL+GLASS BRACELET,24,119.23,11,3,2.1818181818181817
TURQUOISE GLASS TASSLE BAG CHARM ,57,121.38000000000001,20,6,2.85
TURQUOISE HEART OF GLASS BRACELET,9,53.42,5,4,1.8
TUSCAN VILLA BIRD TABLE ,19,156.75,11,11,1.7272727272727273
TUSCAN VILLA DOVECOTE,12,99.0,4,4,3.0
TV DINNER TRAY AIR HOSTESS ,420,1506.97,105,53,4.0
TV DINNER TRAY DOLLY GIRL,322,1536.91,107,58,3.0093457943925235
TV DINNER TRAY VINTAGE PAISLEY,503,1623.04,112,58,4.491071428571429
TWO DOOR CURIO CABINET,212,2577.45,83,60,2.5542168674698793
UBO-LIGHT TRIOBASE BLUE,4,3.4,2,2,2.0
UBO-LIGHT TRIOBASE PURPLE,5,4.25,3,3,1.6666666666666667
UNION FLAG WINDSOCK,388,428.19,22,16,17.636363636363637
UNION JACK FLAG LUGGAGE TAG,750,1296.13,193,79,3.8860103626943006
UNION JACK FLAG PASSPORT COVER ,829,2043.79,184,65,4.505434782608695
UNION JACK HOT WATER BOTTLE ,13,139.86,3,1,4.333333333333333
UNION STRIPE CUSHION COVER ,403,503.75,65,38,6.2
UNION STRIPE WITH FRINGE  HAMMOCK,899,6952.31,208,113,4.322115384615385
URBAN BLACK RIBBONS ,849,870.35,184,58,4.614130434782608
UTILTY CABINET WITH HOOKS,131,2610.29,6,5,21.833333333333332
VANILLA INCENSE 40 CONES IN TIN,29,36.25,12,6,2.4166666666666665
VANILLA INCENSE IN TIN,2084,920.67,95,66,21.936842105263157
VANILLA SCENT CANDLE JEWELLED BOX,1397,2700.73,106,63,13.179245283018869
VEGETABLE GARDEN CHOPPING BOARD,78,392.34000000000003,22,17,3.5454545454545454
VEGETABLE MAGNETIC  SHOPPING LIST,36,49.8,3,3,12.0
VICTORIAN  METAL POSTCARD SPRING,2870,3207.69,177,122,16.214689265536723
VICTORIAN GLASS HANGING T-LIGHT,24304,33187.97,1037,403,23.436837029893926
VICTORIAN SEWING BOX LARGE,532,7674.799999999999,163,61,3.263803680981595
VICTORIAN SEWING BOX MEDIUM,689,6909.37,261,100,2.6398467432950192
VICTORIAN SEWING BOX SMALL ,1184,7106.950000000001,285,133,4.15438596491228
VICTORIAN SEWING KIT,2519,2823.83,140,77,17.992857142857144
VILLAGE SHOW WALL ART,386,2072.42,18,17,21.444444444444443
VINTAGE  2 METER FOLDING RULER,1845,3075.3699999999994,181,131,10.193370165745856
VINTAGE  2 METRE FOLDING RULER,1628,3375.7,152,102,10.710526315789474
VINTAGE BEAD COSMETIC BAG ,57,156.85,35,5,1.6285714285714286
VINTAGE BEAD NOTEBOOK,150,433.19,52,11,2.8846153846153846
VINTAGE BEAD PINK EVENING BAG,619,937.25,94,32,6.585106382978723
VINTAGE BEAD PINK JEWEL BOX,4,17.0,3,2,1.3333333333333333
VINTAGE BEAD PINK JEWEL STAND,1,4.95,1,1,1.0
VINTAGE BEAD PINK PURSE ,981,1068.32,128,40,7.6640625
VINTAGE BEAD PINK SCARF ,451,985.8399999999999,58,29,7.775862068965517
VINTAGE BEAD PINK SHADE ,13,16.25,2,2,6.5
VINTAGE BELLS GARLAND,821,2443.35,149,116,5.510067114093959
VINTAGE BILLBOARD DRINK ME MUG,995,1385.28,177,72,5.621468926553672
VINTAGE BILLBOARD LOVE/HATE MUG,1638,1890.33,198,81,8.272727272727273
VINTAGE BILLBOARD MUG ,1107,1186.23,107,51,10.345794392523365
VINTAGE BILLBOARD TEA MUG,1950,2251.77,86,35,22.674418604651162
VINTAGE BLUE KITCHEN CABINET,26,3685.0,20,17,1.3
VINTAGE BLUE TINSEL REEL,2,0.84,1,1,2.0
VINTAGE CARAVAN GIFT WRAP,650,273.0,27,22,24.074074074074073
VINTAGE CARAVAN GREETING CARD ,1464,622.36,137,65,10.686131386861314
VINTAGE CHRISTMAS BUNTING,2997,15833.310000000001,401,254,7.473815461346633
VINTAGE CHRISTMAS CAKE FRILL,2512,4053.8799999999997,151,112,16.635761589403973
VINTAGE CHRISTMAS GIFT BAG LARGE ,1831,2182.39,105,82,17.438095238095237
VINTAGE CHRISTMAS GIFT SACK,1424,5968.3,214,168,6.654205607476635
VINTAGE CHRISTMAS PAPER GIFT BAG,1608,1313.3899999999999,100,86,16.08
VINTAGE CHRISTMAS STOCKING ,2390,6488.2,344,246,6.9476744186046515
VINTAGE CHRISTMAS TABLECLOTH,409,5037.96,117,87,3.4957264957264957
VINTAGE CREAM 3 BASKET CAKE STAND,410,4155.34,153,104,2.679738562091503
VINTAGE CREAM CAT FOOD CONTAINER,803,5403.28,316,155,2.5411392405063293
VINTAGE CREAM DOG FOOD CONTAINER,1006,9686.82,416,176,2.418269230769231
VINTAGE DOILY DELUXE SEWING KIT ,813,5377.81,205,145,3.9658536585365853
VINTAGE DOILY JUMBO BAG RED ,4815,10233.45,259,186,18.590733590733592
VINTAGE DOILY TRAVEL SEWING KIT,3970,8509.68,415,282,9.566265060240964
VINTAGE DONKEY TAIL GAME ,1815,6550.17,252,182,7.2023809523809526
VINTAGE EMBOSSED HEART,973,1280.18,113,72,8.610619469026549
VINTAGE ENAMEL & CRYSTAL EARRINGS,27,134.70000000000002,18,4,1.5
VINTAGE ENAMEL & CRYSTAL NECKLACE,10,49.760000000000005,4,2,2.5
VINTAGE ENGRAVED HEART,60,75.0,4,4,15.0
VINTAGE GLASS T-LIGHT HOLDER,2238,1870.86,149,96,15.020134228187919
VINTAGE GLASS TEA CADDY,3,17.85,3,3,1.0
VINTAGE HEADS AND TAILS CARD GAME ,7889,10535.65,607,342,12.99670510708402
VINTAGE JINGLE BELLS HEART,228,1897.76,78,64,2.923076923076923
VINTAGE JINGLE BELLS WREATH,76,635.38,28,24,2.7142857142857144
VINTAGE KEEPSAKE BOX PARIS DAYS,112,686.86,56,6,2.0
VINTAGE KEEPSAKE BOX PINK FLOWER,20,91.48,15,2,1.3333333333333333
VINTAGE KEEPSAKE BOX TRAVELOGUE,82,441.89,56,10,1.4642857142857142
VINTAGE KID DOLLY CARD ,2490,1046.98,213,108,11.690140845070422
VINTAGE KITCHEN PRINT FRUITS,85,266.15,29,12,2.9310344827586206
VINTAGE KITCHEN PRINT PUDDINGS,43,109.64999999999999,7,7,6.142857142857143
VINTAGE KITCHEN PRINT SEAFOOD,43,129.63,14,6,3.0714285714285716
VINTAGE KITCHEN PRINT VEGETABLES,65,165.75,12,12,5.416666666666667
VINTAGE LEAF CHOPPING BOARD  ,149,737.95,45,40,3.311111111111111
VINTAGE LEAF MAGNETIC NOTEPAD,1710,2605.5,274,159,6.240875912408759
VINTAGE NOTEBOOK BEAUTY GIRL,3,8.850000000000001,2,2,1.5
VINTAGE NOTEBOOK PARIS DAYS,107,298.27,24,8,4.458333333333333
VINTAGE NOTEBOOK TRAVELOGUE,38,105.73,13,4,2.923076923076923
VINTAGE PAISLEY STATIONERY SET,1913,3529.12,436,160,4.387614678899083
VINTAGE PHOTO ALBUM PARIS DAYS,8,50.8,3,2,2.6666666666666665
VINTAGE PINK DECORATIVE PARASOL,88,489.74,24,5,3.6666666666666665
VINTAGE POST OFFICE CABINET,11,607.6500000000001,2,2,5.5
VINTAGE RED ENAMEL TRIM JUG ,599,2246.61,136,104,4.404411764705882
VINTAGE RED ENAMEL TRIM MUG ,1701,2092.0,119,80,14.294117647058824
VINTAGE RED ENAMEL TRIM PLATE,842,1426.1,80,56,10.525
VINTAGE RED KITCHEN CABINET,60,8125.0,38,34,1.5789473684210527
VINTAGE RED MUG,703,694.72,54,32,13.018518518518519
VINTAGE RED TEATIME MUG,319,506.65,76,30,4.197368421052632
VINTAGE RED TRIM ENAMEL BOWL ,1155,1501.03,108,63,10.694444444444445
VINTAGE ROSE BEAD BRACELET BLACK,36,152.4,17,11,2.1176470588235294
VINTAGE ROSE BEAD BRACELET RASPBERR,75,315.73,44,8,1.7045454545454546
VINTAGE SEASIDE JIGSAW PUZZLES,398,1565.83,148,72,2.689189189189189
VINTAGE SHELLS PRINT,50,427.46000000000004,32,13,1.5625
VINTAGE SNAKES & LADDERS,1790,7062.7,396,201,4.52020202020202
VINTAGE SNAP CARDS,14528,12515.96,926,449,15.688984881209503
VINTAGE UNION JACK APRON,411,2967.31,169,97,2.4319526627218937
VINTAGE UNION JACK BUNTING,2789,24542.83,475,267,5.8715789473684215
VINTAGE UNION JACK CUSHION COVER,386,2012.3400000000001,104,76,3.7115384615384617
VINTAGE UNION JACK DOORSTOP,217,1337.51,95,72,2.2842105263157895
VINTAGE UNION JACK MEMOBOARD,3272,23010.09,221,139,14.805429864253394
VINTAGE UNION JACK PENNANT,795,1586.75,99,64,8.030303030303031
VINTAGE UNION JACK SHOPPING BAG,225,1077.03,46,36,4.891304347826087
VINTAGE WOODEN BAR STOOL,6,169.75,4,4,1.5
VINTAGE ZINC PLANTER  ,32,120.08000000000001,11,5,2.909090909090909
VINTAGE ZINC WATERING CAN,13,139.39999999999998,8,7,1.625
VINTAGE ZINC WATERING CAN SMALL,18,99.2,8,6,2.25
VINYL RECORD FRAME SILVER,1339,5010.69,113,45,11.849557522123893
VIP HOLIDAY PURSE,14,44.04,11,5,1.2727272727272727
VIP PASSPORT COVER ,43,94.04,17,8,2.5294117647058822
VIPPASSPORT COVER ,143,211.76000000000002,34,18,4.205882352941177
WAKE UP COCKEREL CALENDAR SIGN ,81,348.59000000000003,33,21,2.4545454545454546
WAKE UP COCKEREL TILE COASTER,604,210.51999999999998,35,24,17.257142857142856
WAKE UP COCKEREL TILE HOOK,50,70.45,18,12,2.7777777777777777
"WALL ART , LOVES' SECRET ",8,47.6,2,2,4.0
"WALL ART , THE MAGIC FOREST ",2,13.9,1,1,2.0
"WALL ART ,PUDDINGS ",8,61.2,2,2,4.0
WALL ART 70'S ALPHABET ,356,2757.06,74,44,4.8108108108108105
WALL ART ANIMALS AND NATURE ,154,508.34000000000003,31,25,4.967741935483871
WALL ART BICYCLE SAFETY,850,5983.9,173,102,4.913294797687861
WALL ART BICYCLE SAFTEY ,21,114.15,3,3,7.0
WALL ART BIG LOVE ,979,5559.11,112,77,8.741071428571429
WALL ART BUFFALO BILL ,335,1014.8500000000001,37,24,9.054054054054054
WALL ART CAT AND BIRD ,143,469.73,40,18,3.575
WALL ART CLASSIC PUDDINGS ,864,6762.71,150,95,5.76
WALL ART DOG AND BALL ,102,301.56,28,17,3.642857142857143
WALL ART DOG LICENCE ,604,3939.76,114,57,5.298245614035087
WALL ART DOLLY GIRL ,319,956.0500000000002,26,18,12.26923076923077
WALL ART GARDEN HAVEN ,215,998.64,36,27,5.972222222222222
WALL ART HORSE & PONY ,225,760.32,46,27,4.891304347826087
WALL ART I LOVE LONDON ,99,521.73,32,18,3.09375
WALL ART KEEP CALM ,968,5003.040000000001,83,64,11.662650602409638
WALL ART LOVES' SECRET ,239,1180.35,39,31,6.128205128205129
WALL ART MID CENTURY MODERN ,164,1015.78,20,17,8.2
WALL ART ONLY ONE PERSON ,1056,4436.27,86,59,12.279069767441861
WALL ART SPACEBOY,173,618.59,37,20,4.675675675675675
WALL ART STOP FOR TEA ,870,6042.150000000001,219,131,3.9726027397260273
WALL ART THE MAGIC FOREST ,148,933.16,13,8,11.384615384615385
WALL ART TREASURE AHOY ,90,340.35,25,21,3.6
WALL ART VILLAGE SHOW ,240,1369.71,67,53,3.582089552238806
WALL ART VINTAGE HEART,332,1334.49,32,25,10.375
WALL ART WORK REST AND PLAY  ,210,901.58,31,23,6.774193548387097
"WALL ART,ONLY ONE PERSON ",6,29.700000000000003,1,1,6.0
WALL MIRROR RECTANGLE DIAMANTE PINK,207,1614.4,87,13,2.3793103448275863
WALL TIDY RETROSPOT ,2288,3649.0699999999997,293,69,7.808873720136519
WASH BAG VINTAGE ROSE PAISLEY,290,838.86,85,53,3.411764705882353
WASHROOM METAL SIGN,3016,4680.63,364,184,8.285714285714286
WATERING CAN BLUE ELEPHANT,2060,4002.6099999999997,334,159,6.167664670658683
WATERING CAN GARDEN MARKER,1374,1980.4,127,63,10.818897637795276
WATERING CAN GREEN DINOSAUR,1394,2667.5,227,121,6.140969162995595
WATERING CAN PINK BUNNY,1720,3350.62,277,158,6.209386281588448
WATERING CAN SINGLE HOOK PISTACHIO,1,3.36,1,0,1.0
WATERMELON BATH SPONGE,29,72.49,10,0,2.9
WAY OUT METAL SIGN ,36,59.39999999999999,8,8,4.5
WEEKEND BAG VINTAGE ROSE PAISLEY,69,527.85,1,1,69.0
WELCOME  WOODEN BLOCK LETTERS,526,5276.94,188,121,2.797872340425532
WHEELBARROW FOR CHILDREN ,125,1720.26,79,55,1.5822784810126582
WHITE  ROSEBUD PEARL BRACELET,38,140.98,15,7,2.533333333333333
WHITE 3 FRAME BIRDS AND TREE ,20,150.0,10,10,2.0
WHITE ALLIUM  ARTIFICIAL FLOWER,17,28.73,4,3,4.25
WHITE AND BLUE CERAMIC OIL BURNER,192,283.93,42,13,4.571428571428571
WHITE ANEMONE ARTIFICIAL FLOWER,2,3.38,1,1,2.0
WHITE BAMBOO RIBS LAMPSHADE,976,854.4599999999999,65,29,15.015384615384615
WHITE BAROQUE WALL CLOCK ,66,559.0,32,15,2.0625
WHITE BEADED GARLAND STRING 20LIGHT,3,19.049999999999997,2,2,1.5
WHITE BELL HONEYCOMB PAPER ,1093,1924.9399999999998,88,32,12.420454545454545
WHITE BELL HONEYCOMB PAPER GARLAND ,371,651.75,48,30,7.729166666666667
WHITE BIRD GARDEN DESIGN MUG,7,23.63,2,0,3.5
WHITE BROCANTE SOAP DISH,706,2070.9,121,91,5.8347107438016526
WHITE CANDYSTUFT ARTIFICIAL FLOWER,308,411.55999999999995,20,18,15.4
WHITE CHRISTMAS FLOCK DROPLET ,25,32.51,2,1,12.5
WHITE CHRISTMAS GARLAND STARS TREES,225,830.03,65,37,3.4615384615384617
WHITE CHRISTMAS STAR DECORATION,439,189.42,30,24,14.633333333333333
WHITE CHRISTMAS TREE 60CM,2,5.9,2,2,1.0
WHITE CHRYSANTHEMUMS ART FLOWER,55,115.50000000000001,8,5,6.875
WHITE DOVE HONEYCOMB PAPER GARLAND,2,6.72,1,0,2.0
WHITE ENAMEL FLOWER HAIR TIE,17,49.65,10,2,1.7
WHITE FRANGIPANI HAIR CLIP,10,8.5,1,1,10.0
WHITE FRANGIPANI NECKLACE,39,98.07,17,3,2.2941176470588234
WHITE GLASS CHUNKY CHARM BRACELET,27,245.63,25,6,1.08
WHITE GOOSE FEATHER CHRISTMAS TREE ,335,1242.0600000000002,78,43,4.294871794871795
WHITE GOOSE FEATHER TREE 60CM ,285,575.55,48,37,5.9375
WHITE HAND TOWEL WITH BUTTERFLY,184,466.3,27,13,6.814814814814815
WHITE HANGING BEADS CANDLE HOLDER,239,1244.95,47,34,5.085106382978723
WHITE HANGING HEART T-LIGHT HOLDER,37891,106292.77,2256,856,16.795656028368793
WHITE HEART CONFETTI IN TUBE,1029,1008.4699999999999,71,47,14.492957746478874
WHITE HEART OF GLASS BRACELET,6,35.31,5,2,1.2
WHITE HEARTS WIRE PLANT POT HOLDER,343,963.27,71,58,4.830985915492958
WHITE HONEYCOMB PAPER GARLAND ,355,888.67,72,27,4.930555555555555
WHITE HYDRANGEA ART FLOWER,22,46.2,3,3,7.333333333333333
WHITE JEWELLED HEART DECORATION,2164,1897.4499999999998,162,77,13.358024691358025
WHITE LOVEBIRD LANTERN,835,2767.01,164,89,5.091463414634147
WHITE METAL LANTERN,1880,8056.5199999999995,307,145,6.1237785016286646
WHITE MOROCCAN METAL LANTERN,70,385.29999999999995,26,9,2.6923076923076925
WHITE MURANO TWIST BRACELET,10,41.790000000000006,5,2,2.0
WHITE ROCKING HORSE HAND PAINTED,2902,3617.78,192,115,15.114583333333334
WHITE ROSEBUD  PEARL EARRINGS,19,47.43,18,1,1.0555555555555556
WHITE ROSEBUD & PEARL NECKLACE,7,52.72,5,1,1.4
WHITE SAGE INCENSE,1432,337.14,67,20,21.37313432835821
WHITE SILVER NECKLACE SHELL GLASS,2,20.17,2,0,1.0
WHITE SKULL HOT WATER BOTTLE ,3918,20594.45,499,252,7.851703406813627
WHITE SOAP RACK WITH 2 BOTTLES,172,969.8000000000001,48,36,3.5833333333333335
WHITE SPOT BLUE CERAMIC DRAWER KNOB,4395,6071.75,365,154,12.04109589041096
WHITE SPOT RED CERAMIC DRAWER KNOB,5022,6815.9,409,159,12.278728606356967
WHITE SQUARE TABLE CLOCK,105,172.75,21,10,5.0
WHITE STITCHED CUSHION COVER,59,426.13,22,14,2.6818181818181817
WHITE STITCHED WALL CLOCK,847,813.29,44,30,19.25
WHITE STONE/CRYSTAL EARRINGS,6,17.5,6,1,1.0
WHITE TALL PORCELAIN T-LIGHT HOLDER,699,1601.21,69,43,10.130434782608695
WHITE TISSUE REAM,19,151.05,13,13,1.4615384615384615
WHITE TRAVEL ALARM CLOCK,280,676.27,89,19,3.146067415730337
WHITE VINT ART DECO CRYSTAL NECKLAC,12,102.0,8,7,1.5
WHITE VINTAGE CRYSTAL BRACELET,9,60.75,4,3,2.25
WHITE VINTAGE CRYSTAL EARRINGS,10,38.7,6,3,1.6666666666666667
WHITE WICKER STAR ,1473,3155.1800000000003,294,210,5.010204081632653
WHITE WIRE EGG HOLDER,314,2027.74,76,51,4.131578947368421
WHITE WIRE PLANT POT HOLDER,16,46.24,2,2,8.0
WHITE WITH BLACK CATS PLATE,78,33.18,3,3,26.0
WHITE WITH METAL BAG CHARM,3,14.850000000000001,1,1,3.0
WHITE WOOD GARDEN PLANT LADDER,785,7919.23,429,278,1.82983682983683
WHITE/PINK CHICK DECORATION,252,301.26,20,15,12.6
WHITE/PINK CHICK EASTER DECORATION,37,36.33,10,8,3.7
WHITE/PINK MINI CRYSTALS NECKLACE,10,52.42,7,1,1.4285714285714286
WICKER STAR ,1846,4260.12,405,228,4.558024691358025
WICKER WREATH LARGE,731,1456.4499999999998,151,108,4.841059602649007
WICKER WREATH SMALL,741,1001.49,123,82,6.024390243902439
WINE BOTTLE DRESSING DARK BLUE,52,12.969999999999999,12,7,4.333333333333333
WINE BOTTLE DRESSING LT.BLUE,14,3.0399999999999996,4,4,3.5
WIRE EGG BASKET ,114,880.23,44,35,2.590909090909091
WIRE FLOWER T-LIGHT HOLDER,1,1.25,1,0,1.0
WISE MAN STAR SHAPE EGG PAN,24,13.14,6,6,4.0
WOOD 2 DRAWER CABINET WHITE FINISH,2403,15240.07,543,241,4.425414364640884
WOOD AND GLASS MEDICINE CABINET,10,299.5,10,10,1.0
WOOD BLACK BOARD ANT WHITE FINISH,6020,36030.22,685,285,8.788321167883211
WOOD S/3 CABINET ANT WHITE FINISH,1408,11937.68,403,183,3.4937965260545907
WOOD STAMP SET BEST WISHES,1019,959.6999999999999,187,117,5.449197860962567
WOOD STAMP SET FLOWERS,1009,1124.04,196,101,5.1479591836734695
WOOD STAMP SET HAPPY BIRTHDAY,950,968.3699999999999,173,100,5.491329479768786
WOOD STAMP SET THANK YOU,1515,1576.4699999999998,280,148,5.410714285714286
WOOD STOCKING CHRISTMAS SCANDISPOT,1571,1138.98,177,83,8.875706214689265
WOODEN ADVENT CALENDAR CREAM,454,7047.17,137,64,3.3138686131386863
WOODEN ADVENT CALENDAR RED,746,8714.24,137,81,5.445255474452555
WOODEN BOX ADVENT CALENDAR ,10,89.5,5,5,2.0
WOODEN BOX OF DOMINOES,6402,8862.29,587,336,10.906303236797275
WOODEN CROQUET GARDEN SET,782,11276.21,299,181,2.6153846153846154
WOODEN FRAME ANTIQUE WHITE ,7013,21852.390000000003,971,392,7.222451081359424
WOODEN HAPPY BIRTHDAY GARLAND,2168,6316.360000000001,290,138,7.475862068965517
WOODEN HEART CHRISTMAS SCANDINAVIAN,10610,4075.9399999999996,538,343,19.721189591078065
WOODEN OWLS LIGHT GARLAND ,1540,5802.6,149,88,10.335570469798657
WOODEN PICTURE FRAME WHITE FINISH,9006,23113.260000000002,1100,410,8.187272727272727
WOODEN REGATTA BUNTING,334,2121.9900000000002,150,68,2.2266666666666666
WOODEN ROUNDERS GARDEN SET ,1331,12571.369999999999,358,224,3.717877094972067
WOODEN SCHOOL COLOURING SET,5888,9749.82,433,288,13.598152424942263
WOODEN SKITTLES GARDEN SET,315,4670.36,142,110,2.2183098591549295
WOODEN STAR CHRISTMAS SCANDINAVIAN,10462,3877.68,512,332,20.43359375
WOODEN TREE CHRISTMAS SCANDINAVIAN,5170,1988.8899999999999,338,226,15.29585798816568
WOODEN UNION JACK BUNTING,2091,12792.25,407,217,5.137592137592137
WOODLAND  HEIGHT CHART STICKERS ,724,2160.0,119,68,6.084033613445378
WOODLAND  STICKERS,868,786.31,103,43,8.427184466019417
WOODLAND BUNNIES LOLLY MAKERS,652,1488.65,124,69,5.258064516129032
WOODLAND CHARLOTTE BAG,13308,16759.75,833,238,15.975990396158464
WOODLAND DESIGN  COTTON TOTE BAG,749,1664.51,127,68,5.897637795275591
WOODLAND LARGE BLUE FELT HEART,92,123.47,13,8,7.076923076923077
WOODLAND LARGE PINK FELT HEART,285,324.40000000000003,13,9,21.923076923076923
WOODLAND LARGE RED FELT HEART,205,264.72,22,18,9.318181818181818
WOODLAND MINI BACKPACK,820,3427.94,152,114,5.394736842105263
WOODLAND MINI RUCKSACK ,5,20.75,2,2,2.5
WOODLAND PARTY BAG + STICKER SET,1840,2975.14,183,101,10.05464480874317
WOODLAND SMALL BLUE FELT HEART,312,270.96,37,26,8.432432432432432
WOODLAND SMALL PINK FELT HEART,286,242.17999999999998,31,25,9.225806451612904
WOODLAND SMALL RED FELT HEART,679,552.85,51,41,13.313725490196079
WOODLAND STORAGE BOX LARGE ,346,1401.02,70,19,4.942857142857143
WOODLAND STORAGE BOX SMALL,256,624.58,46,15,5.565217391304348
WORLD WAR 2 GLIDERS ASSTD DESIGNS,55047,13841.849999999999,535,307,102.89158878504674
WOVEN BERRIES CUSHION COVER ,162,683.8,89,6,1.8202247191011236
WOVEN BUBBLE GUM CUSHION COVER,160,672.6,71,6,2.2535211267605635
WOVEN CANDY CUSHION COVER ,68,292.56,39,5,1.7435897435897436
WOVEN FROST CUSHION COVER,117,492.79,59,6,1.9830508474576272
WOVEN ROSE GARDEN CUSHION COVER ,217,912.03,90,6,2.411111111111111
WOVEN SUNSET CUSHION COVER ,89,378.29,37,3,2.4054054054054053
WRAP  PINK FLOCK,25,10.5,1,1,25.0
WRAP  VINTAGE DOILEY ,100,42.0,2,2,50.0
WRAP  VINTAGE DOILY ,2474,1039.08,94,80,26.319148936170212
WRAP 50'S  CHRISTMAS,4563,1892.46,149,143,30.624161073825505
WRAP A PRETTY THANK YOU,50,21.0,2,2,25.0
WRAP ALPHABET DESIGN,8001,3228.42,235,178,34.0468085106383
WRAP ALPHABET POSTER  ,1855,763.1,64,60,28.984375
WRAP BAD HAIR DAY,700,70.0,22,22,31.818181818181817
WRAP BILLBOARD FONTS DESIGN,1831,769.02,64,52,28.609375
WRAP BIRD GARDEN ,1305,548.1,52,46,25.096153846153847
WRAP BLUE RUSSIAN FOLKART,25,10.5,1,1,25.0
WRAP CAROUSEL,375,157.5,14,13,26.785714285714285
WRAP CHRISTMAS SCREEN PRINT,1075,296.25,33,26,32.57575757575758
WRAP CHRISTMAS VILLAGE,4901,2014.42,142,133,34.514084507042256
WRAP CIRCUS PARADE,2927,1213.34,103,89,28.41747572815534
WRAP COWBOYS  ,2057,847.94,71,64,28.971830985915492
WRAP DAISY CARPET ,660,277.2,25,24,26.4
WRAP DOILEY DESIGN,4703,1927.26,164,124,28.676829268292682
WRAP DOLLY GIRL,2800,1160.0,100,79,28.0
WRAP ENGLISH ROSE ,7226,2990.92,248,189,29.137096774193548
WRAP FLOWER SHOP  ,1575,661.5,62,57,25.403225806451612
WRAP FOLK ART,200,84.0,8,8,25.0
WRAP GINGHAM ROSE ,2276,943.92,82,69,27.75609756097561
WRAP GREEN PEARS ,1908,801.36,77,61,24.77922077922078
WRAP GREEN RUSSIAN FOLKART ,50,21.0,2,2,25.0
WRAP I LOVE LONDON ,4501,1774.42,104,79,43.27884615384615
WRAP KEEP CALM BIRTHDAY,1125,460.5,36,34,31.25
WRAP MAGIC FOREST ,1075,451.5,43,42,25.0
WRAP MONSTER FUN ,1257,527.94,49,41,25.653061224489797
WRAP PAISLEY PARK ,3275,1375.5,120,106,27.291666666666668
WRAP PINK FAIRY CAKES ,5800,2331.0,167,135,34.73053892215569
WRAP POPPIES  DESIGN,5175,2105.5,158,130,32.75316455696203
WRAP RED APPLES ,5278,2168.76,174,129,30.333333333333332
WRAP RED DOILEY,380,159.6,16,15,23.75
WRAP RED VINTAGE DOILY,2100,866.0,68,63,30.88235294117647
WRAP SUKI AND FRIENDS,4075,1687.5,134,105,30.41044776119403
WRAP SUMMER ROSE DESIGN,102,42.84,5,4,20.4
WRAP VINTAGE LEAF DESIGN,5326,2140.92,134,118,39.74626865671642
WRAP VINTAGE PETALS  DESIGN,3300,1338.0,104,95,31.73076923076923
WRAP WEDDING DAY,1325,528.5,39,38,33.97435897435897
"WRAP, BILLBOARD FONTS DESIGN",1951,731.42,35,34,55.74285714285714
"WRAP, CAROUSEL",100,42.0,4,4,25.0
YELLOW BREAKFAST CUP AND SAUCER,55,67.13000000000001,18,9,3.0555555555555554
YELLOW COAT RACK PARIS FASHION,287,1342.39,100,74,2.87
YELLOW DRAGONFLY HELICOPTER,19,151.05,8,6,2.375
YELLOW EASTER EGG HUNT START POST,76,150.38,19,16,4.0
YELLOW FELT HANGING HEART W FLOWER,87,67.39,29,3,3.0
YELLOW FLOWERS FELT HANDBAG KIT,46,98.63000000000001,19,15,2.4210526315789473
YELLOW GIANT GARDEN THERMOMETER,288,1993.75,115,62,2.5043478260869567
YELLOW METAL CHICKEN HEART ,721,1079.67,91,54,7.923076923076923
YELLOW PINK FLOWER DESIGN BIG BOWL,28,10.92,3,3,9.333333333333334
YELLOW POT PLANT CANDLE,23,71.05,9,9,2.5555555555555554
YELLOW SHARK HELICOPTER,72,580.36,53,35,1.3584905660377358
YELLOW/BLUE RETRO RADIO,16,47.2,7,3,2.2857142857142856
YELLOW/ORANGE FLOWER DESIGN PLATE,68,19.72,2,2,34.0
YELLOW/PINK CERAMIC CANDLE HOLDER,6,19.81,4,0,1.5
YELLOW/PINK FLOWER DESIGN BIG MUG,33,14.43,14,14,2.357142857142857
YOU'RE CONFUSING ME METAL SIGN ,4424,7320.36,450,191,9.831111111111111
YULETIDE IMAGES GIFT WRAP SET,687,561.34,93,57,7.387096774193548
YULETIDE IMAGES S/6 PAPER BOXES,12,30.599999999999998,7,6,1.7142857142857142
ZINC  HEART T-LIGHT HOLDER,868,1090.66,69,43,12.579710144927537
ZINC  STAR T-LIGHT HOLDER ,1220,1445.18,46,30,26.52173913043478
ZINC BOX SIGN HOME,141,1378.75,64,58,2.203125
ZINC FINISH 15CM PLANTER POTS,601,748.34,57,39,10.543859649122806
ZINC FOLKART SLEIGH BELLS,5070,9546.53,456,270,11.118421052631579
ZINC HEART FLOWER T-LIGHT HOLDER,795,1033.28,79,52,10.063291139240507
ZINC HEART LATTICE 2 WALL PLANTER,19,120.64999999999999,11,7,1.7272727272727273
ZINC HEART LATTICE T-LIGHT HOLDER,717,958.57,88,50,8.147727272727273
ZINC HEART LATTICE TRAY OVAL ,9,53.550000000000004,7,5,1.2857142857142858
ZINC HEARTS PLANT POT HOLDER,283,792.47,52,48,5.4423076923076925
ZINC HERB GARDEN CONTAINER,567,3585.39,204,155,2.7794117647058822
ZINC METAL HEART DECORATION,5944,7426.82,535,311,11.110280373831776
ZINC PLANT POT HOLDER,8,23.12,1,1,8.0
ZINC STAR T-LIGHT HOLDER ,8,10.0,1,1,8.0
ZINC SWEETHEART SOAP DISH,62,116.82000000000001,21,18,2.9523809523809526
ZINC SWEETHEART WIRE LETTER RACK,263,1020.69,90,67,2.922222222222222
ZINC T-LIGHT HOLDER STAR LARGE,2060,1956.6799999999998,167,126,12.335329341317365
ZINC T-LIGHT HOLDER STARS LARGE,24,22.799999999999997,2,2,12.0
ZINC T-LIGHT HOLDER STARS SMALL,5089,4197.83,274,180,18.572992700729927
ZINC TOP  2 DOOR WOODEN SHELF ,13,270.08,12,9,1.0833333333333333
ZINC WILLIE WINKIE  CANDLE STICK,2934,2713.5499999999997,268,137,10.947761194029852
ZINC WIRE KITCHEN ORGANISER,30,239.97,16,12,1.875
ZINC WIRE SWEETHEART LETTER TRAY,83,275.62,23,18,3.608695652173913
